244786	8.912542	8.37	1420
320007	3.447223	8.33	72
157336	14.561204	8.29	3870
278	3.885904	8.23	4289
140420	2.007385	8.2	289
13042	2.015596	8.19	203
238	3.225234	8.14	2797
293299	1.631522	8.11	194
140607	86.450433	8.1	954
77338	4.079306	8.09	1900
118340	10.938572	8.08	3832
129	3.236548	8.07	1459
150540	11.833909	8.07	2037
637	2.156351	8.05	1057
110416	2.104965	8.04	146
389	2.729159	8.04	821
12477	1.0013	8.03	295
205596	7.968126	8.01	2179
128	2.932138	8.01	729
240	2.758066	8.01	1453
210577	9.802815	8.01	2526
110420	1.82008	8	141
284054	1.586857	7.99	53
331214	1.537229	7.97	136
346	2.265244	7.97	328
24480	1.460559	7.96	143
251516	2.302861	7.95	304
155	5.544089	7.94	6282
222935	3.479506	7.94	1584
599	1.847919	7.93	127
4935	3.281546	7.93	784
37257	1.797557	7.93	63
106646	4.134413	7.92	2669
13	4.369203	7.91	3247
348892	1.532851	7.91	70
3082	1.444963	7.91	312
550	6.152622	7.91	4030
901	1.821706	7.91	132
277216	2.765485	7.91	355
424	3.746416	7.91	1676
120467	5.193259	7.9	1747
680	4.50148	7.9	3721
200481	1.177323	7.9	98
10098	1.821914	7.89	118
8392	2.589394	7.89	686
269258	2.374213	7.89	54
1891	8.000815	7.89	2733
25376	1.673005	7.89	215
769	3.054266	7.88	1047
152601	2.854641	7.88	1624
13413	1.61863	7.87	141
83564	1.559794	7.87	108
497	2.655476	7.86	1610
73	3.429118	7.86	1023
177572	11.082731	7.86	2697
237791	1.487082	7.86	91
82702	5.035544	7.86	1518
76203	3.582269	7.86	1322
13929	1.494277	7.86	109
654	1.783842	7.86	84
101	3.093932	7.85	1635
313106	1.336217	7.85	117
266856	3.47264	7.85	1184
510	2.420597	7.84	964
629	2.762145	7.84	1210
32085	1.185259	7.84	64
46738	1.608895	7.84	131
113833	1.412585	7.84	131
284	1.814419	7.83	125
189197	1.516389	7.83	119
548	1.454299	7.83	181
81	2.759713	7.83	357
3114	1.542323	7.82	99
152532	3.23718	7.82	1080
142061	2.032	7.82	190
284427	2.393679	7.81	177
423	2.135488	7.8	571
975	1.999112	7.8	147
807	3.466837	7.79	2432
110160	1.511061	7.79	54
146233	2.497207	7.79	1193
10376	1.50881	7.78	236
122	3.868084	7.78	4372
11878	1.585242	7.78	123
77	3.169845	7.78	1421
149871	1.674709	7.77	124
13345	1.401628	7.77	53
694	2.983595	7.77	1216
598	1.96961	7.77	651
27205	4.789201	7.77	7626
914	2.068622	7.77	255
265195	2.400004	7.77	325
22843	1.527949	7.77	66
265177	1.945819	7.76	202
832	2.180428	7.76	138
14784	1.701451	7.76	176
335	2.893668	7.76	462
297222	1.471035	7.76	117
1955	1.901459	7.76	198
169813	1.948886	7.76	181
500	2.519498	7.76	1123
96721	2.567328	7.76	982
567	2.234284	7.76	516
13930	1.296612	7.76	172
13363	1.806607	7.76	249
15097	1.129273	7.75	57
670	2.358985	7.75	661
13060	1.646531	7.75	117
7345	2.637399	7.74	443
11	12.999211	7.74	3029
103663	2.303741	7.73	339
229407	1.622558	7.73	64
582	2.367603	7.73	383
539	2.277057	7.73	658
137113	4.6449	7.72	2356
20453	2.232465	7.72	571
902	1.569738	7.71	120
207	2.491113	7.71	661
26022	1.329584	7.7	83
406	1.65385	7.7	202
14069	2.416579	7.7	116
3090	1.963041	7.7	73
9277	1.728997	7.7	189
429	2.148301	7.7	1022
595	1.822806	7.69	176
109424	2.778436	7.69	1257
100402	7.347753	7.69	2671
11104	1.470195	7.69	69
14301	1.488864	7.69	107
11216	1.738315	7.69	296
1892	8.725713	7.69	2300
7347	1.79598	7.68	208
19	1.56596	7.68	217
775	1.257373	7.68	62
8885	1.769746	7.68	97
207703	8.474571	7.67	2522
176241	1.250479	7.67	50
7508	1.509562	7.67	62
120	4.187636	7.66	4632
149	1.514962	7.66	309
14645	1.236127	7.66	50
1124	3.896772	7.66	1803
935	2.442442	7.66	493
121	3.24496	7.65	3877
122906	3.600817	7.65	844
5915	2.368201	7.65	924
31011	2.909198	7.65	409
1023	1.638429	7.65	78
105	4.135424	7.64	2703
1075	1.378481	7.64	66
127585	5.829702	7.64	2786
1398	1.570861	7.64	99
603	5.19201	7.64	4781
38	2.693693	7.64	1164
137182	1.459263	7.64	136
387	2.052861	7.64	253
290542	1.829837	7.64	91
286217	20.047578	7.64	1348
194	2.689378	7.64	1118
963	1.82539	7.64	128
85350	3.154359	7.64	966
1092	1.953244	7.63	98
111	3.199802	7.63	1026
61979	2.010399	7.63	147
274	1.498103	7.63	1538
242582	6.745243	7.63	1427
303	1.615972	7.62	93
137106	2.921869	7.62	1709
57158	4.799106	7.62	2200
311	2.44168	7.61	373
9421	1.839777	7.6	121
228203	1.844619	7.6	83
16869	4.365133	7.6	2605
1422	3.533644	7.6	1877
54186	1.678984	7.6	81
271110	7.395768	7.6	62
804	1.325791	7.6	148
147	1.367036	7.59	90
234200	2.113025	7.59	175
239	2.150569	7.59	246
40619	1.341741	7.59	110
109445	5.175392	7.59	2413
1480	1.849606	7.59	50
103	2.009294	7.59	705
3112	1.894143	7.59	68
198375	1.731664	7.59	116
78	3.510636	7.58	1437
264660	6.101329	7.58	1361
180299	2.289189	7.58	412
152742	1.637141	7.58	237
309	1.287	7.58	50
10775	2.340212	7.58	244
5156	1.97917	7.58	90
308369	2.779708	7.57	189
10515	2.103394	7.57	342
233063	3.128054	7.57	227
59440	1.966065	7.57	516
33701	1.21461	7.57	52
38234	1.398485	7.57	67
857	3.461369	7.56	2463
110	1.550391	7.56	67
28178	2.414065	7.55	504
49047	4.066431	7.55	2529
8587	3.971221	7.54	2723
641	1.248863	7.54	795
489	2.603972	7.54	1031
551	1.648857	7.54	83
71157	1.417392	7.54	85
123025	1.845244	7.54	173
149870	2.375778	7.54	249
101299	5.395078	7.54	2764
28	2.712521	7.54	612
60243	1.482948	7.54	208
422	1.704218	7.54	109
200727	2.005316	7.53	427
84892	2.46188	7.53	1056
99861	12.596843	7.53	2854
426	1.847466	7.53	316
98	3.895074	7.53	2749
475	1.442771	7.53	87
6037	1.377504	7.53	54
289	2.520547	7.53	551
76341	19.891	7.53	3005
15	2.125971	7.53	354
49020	1.401731	7.52	141
175	1.832228	7.52	126
40662	1.818707	7.52	207
892	1.422208	7.51	105
68718	3.989885	7.51	5821
762	2.654915	7.51	674
26280	1.154903	7.51	79
600	2.821516	7.51	862
4960	1.211664	7.51	69
12445	3.886785	7.51	2773
168259	7.696091	7.51	1967
829	2.171109	7.5	257
13223	2.583909	7.5	1140
11545	1.661467	7.5	241
10835	1.514732	7.5	53
24238	1.523552	7.5	274
14	3.252745	7.5	1106
115	3.427087	7.5	1164
107	3.136105	7.5	1527
190859	4.48318	7.49	2010
20126	1.282939	7.49	52
211954	1.445599	7.49	101
797	1.647185	7.49	84
490	1.5064	7.49	166
83389	1.959663	7.49	109
239877	1.078453	7.48	65
11621	1.786793	7.48	193
2134	1.633714	7.48	62
873	2.015297	7.48	93
5924	1.709688	7.48	121
696	1.494081	7.48	194
14092	1.399968	7.48	51
343	1.355851	7.48	66
62	2.844665	7.48	1078
843	1.496352	7.47	96
119450	4.604374	7.47	1983
961	1.567713	7.47	71
593	1.535073	7.47	123
136	1.25649	7.47	51
284293	2.649146	7.47	435
2493	1.977471	7.47	809
1585	3.543243	7.47	346
10681	5.127882	7.46	3042
126319	1.598386	7.46	56
640	2.866559	7.46	1536
185	2.363079	7.46	1078
613	1.756802	7.46	480
228150	7.748366	7.46	1712
83666	2.183906	7.46	635
317442	1.334379	7.46	62
127380	1.46012	7.46	61
3083	1.59597	7.46	59
752	2.87334	7.46	1903
37797	1.762051	7.46	136
2056	1.323813	7.45	66
49797	1.59389	7.45	164
553	1.914205	7.45	175
17431	2.813836	7.45	731
679	3.916702	7.45	1425
16804	1.324616	7.45	77
2108	1.89351	7.45	549
205220	1.431363	7.45	264
11321	2.466629	7.45	637
141	3.145124	7.45	1059
211387	1.469121	7.45	92
5143	1.622174	7.45	55
13398	1.372199	7.44	52
221731	1.393416	7.44	51
14574	1.99732	7.44	431
1578	1.949408	7.43	282
14160	4.417385	7.43	2850
54138	3.788156	7.43	2790
111083	1.487264	7.43	64
583	2.413036	7.43	525
50014	2.05423	7.43	696
11906	1.50178	7.43	76
11645	1.638541	7.43	116
49026	6.331124	7.43	5643
11639	1.385138	7.43	87
6620	1.622987	7.42	84
10193	4.845664	7.42	2293
348	4.135086	7.42	1998
38142	1.620201	7.42	151
862	5.064358	7.42	2422
4808	1.444346	7.42	130
6977	2.777139	7.42	989
33	2.196907	7.42	412
7979	1.726176	7.41	69
765	2.310331	7.41	263
76	1.653608	7.41	367
524	1.916887	7.41	462
1592	1.996496	7.41	177
340	1.436178	7.41	82
1402	2.527688	7.41	945
275	2.816202	7.41	703
9323	1.76415	7.41	307
11324	3.43561	7.41	2502
197	2.828935	7.41	1721
10494	1.577001	7.41	53
108	1.727442	7.4	79
51608	1.487311	7.4	113
193756	2.559573	7.4	804
4977	1.402875	7.4	142
16	1.54299	7.4	122
1091	2.520977	7.39	501
70	2.865537	7.39	761
531	1.500989	7.39	93
5528	1.479949	7.39	153
521	1.813131	7.39	125
703	1.733759	7.39	254
12405	3.084171	7.39	1041
309809	6.16674	7.39	101
1646	1.616121	7.39	96
11031	1.478157	7.38	77
293863	3.392405	7.38	584
13932	1.375336	7.38	79
925	1.267486	7.37	71
262	1.353585	7.37	51
229408	1.726868	7.37	62
1417	2.638734	7.37	1028
244267	2.60873	7.37	342
213	1.821454	7.37	399
242643	1.419534	7.37	126
247	1.784247	7.36	66
38286	1.000797	7.36	51
14813	2.862706	7.36	50
3558	1.703369	7.36	177
393	3.295805	7.36	1406
242828	1.414454	7.36	66
13310	1.418808	7.35	349
9479	3.089069	7.35	766
80	2.04448	7.35	274
286192	1.95176	7.35	185
138843	2.331477	7.35	1321
37165	2.651082	7.35	1235
140823	1.920422	7.35	555
10315	2.014343	7.35	477
127373	1.370972	7.35	65
280	4.697357	7.35	2151
203833	2.018677	7.35	442
379	1.531527	7.34	128
10435	1.430971	7.34	67
129670	1.791255	7.34	303
194662	9.113081	7.34	1675
24	3.720918	7.34	1777
15371	1.568882	7.34	56
304357	2.506986	7.34	152
11036	2.709094	7.34	1145
228205	2.894788	7.34	362
9040	1.704176	7.34	122
85	4.507122	7.33	1965
14919	1.329588	7.33	57
246741	2.14992	7.33	285
89	3.833211	7.33	1588
86837	1.660408	7.33	167
7984	1.75641	7.33	86
64956	1.314633	7.32	130
938	2.380667	7.32	401
5925	2.073601	7.32	254
2649	2.384843	7.32	595
8290	2.041	7.32	62
308639	2.219091	7.32	173
41411	1.174976	7.32	90
10191	3.805638	7.32	2388
228194	1.58313	7.32	233
269	1.709372	7.32	72
587	2.165685	7.32	689
575	1.42099	7.32	94
4348	2.679764	7.32	418
80184	1.228524	7.32	73
12429	2.067427	7.31	377
47931	1.443267	7.31	201
228326	2.034558	7.31	332
949	2.594415	7.31	701
745	2.696045	7.31	1245
9539	1.355319	7.31	156
627	2.287271	7.31	592
256962	1.499609	7.31	63
239571	1.975282	7.31	299
872	1.80637	7.31	260
763	1.529562	7.31	109
14756	3.430909	7.3	672
1700	1.713406	7.3	203
51241	1.316758	7.3	67
13475	4.266895	7.3	2753
117	2.507267	7.3	399
235	1.96513	7.3	415
249688	2.140896	7.29	51
212778	3.184732	7.29	585
705	1.97276	7.29	65
922	1.662386	7.29	139
157354	1.618906	7.29	170
10386	2.09733	7.29	513
156022	6.549492	7.29	1412
244	1.615629	7.29	63
576	1.3483	7.28	72
260	1.453532	7.28	60
304410	1.943582	7.28	299
198277	2.638971	7.28	565
45269	2.76097	7.28	1227
10795	1.636731	7.28	98
297270	3.049389	7.28	91
100	1.42023	7.28	954
3078	1.833623	7.28	77
334	1.628614	7.28	276
7735	1.41817	7.28	223
11327	1.88216	7.28	90
453	2.252051	7.28	1054
322	1.855519	7.28	482
46838	1.680941	7.28	310
12	4.499098	7.27	2800
301	1.599053	7.27	71
79120	1.155767	7.27	51
9394	2.118521	7.27	82
31175	1.354082	7.27	53
24428	6.873943	7.27	7645
2011	1.453564	7.27	143
3034	1.750721	7.27	299
152584	1.582825	7.27	360
55	2.007124	7.26	168
638	1.920268	7.26	186
11778	1.95073	7.26	316
9800	2.168705	7.26	297
16320	2.709844	7.26	537
272	5.214029	7.26	3712
9428	2.180413	7.26	354
54551	1.518831	7.26	92
15362	1.666406	7.25	77
996	1.922677	7.25	101
1580	1.736222	7.25	113
273895	2.331849	7.25	355
910	1.420873	7.25	62
947	2.326538	7.25	346
7249	1.331537	7.25	72
76589	1.430246	7.25	72
162	3.361566	7.25	1024
530	1.748658	7.25	69
37247	1.98959	7.25	248
93	1.84925	7.25	57
16859	2.026369	7.25	275
650	1.434087	7.25	100
34647	1.670976	7.24	90
826	2.419082	7.24	176
221	1.458198	7.24	72
90369	1.302822	7.24	134
439	1.864447	7.24	60
1018	2.547668	7.24	406
164	2.550085	7.24	327
903	1.640054	7.24	103
75629	1.576516	7.24	55
169881	2.503232	7.23	172
948	1.885384	7.23	341
585	3.672669	7.23	3117
981	1.696118	7.23	54
186	2.217303	7.23	552
1902	1.376931	7.23	52
69735	1.542933	7.23	115
68	2.607597	7.23	254
380	2.535638	7.23	633
19913	2.643232	7.22	1099
307081	14.452105	7.22	652
28874	1.752699	7.22	116
4133	2.358996	7.22	427
747	2.327954	7.22	754
391	2.215084	7.22	289
321697	6.738576	7.22	113
14506	1.735545	7.22	50
11615	1.729936	7.22	162
74308	1.39144	7.22	117
10911	2.258363	7.22	69
10734	1.770865	7.22	148
8393	1.714615	7.22	88
2118	2.442249	7.21	483
793	1.733247	7.21	226
792	2.945681	7.21	457
13855	1.534523	7.21	59
6075	1.753074	7.21	194
59468	1.311333	7.21	64
10774	1.864153	7.21	95
13531	1.384287	7.21	57
614	1.3747	7.21	72
532	1.409619	7.21	77
24804	1.398767	7.21	65
227306	3.097421	7.21	646
10843	1.541559	7.21	56
1523	1.681866	7.2	164
75656	3.900792	7.2	2256
8321	2.454891	7.2	504
891	1.857119	7.2	131
213121	1.027459	7.2	124
239563	3.086479	7.2	353
9081	1.503286	7.2	69
217993	1.776091	7.2	105
153	2.317908	7.2	674
1542	2.000514	7.19	436
812	4.255403	7.19	1541
9504	1.402595	7.19	85
4538	1.69665	7.19	318
923	1.399459	7.19	193
82881	1.757549	7.19	160
12104	1.45738	7.19	150
12140	1.625992	7.19	95
13925	1.331374	7.18	52
13416	1.385875	7.18	61
327029	1.253226	7.18	75
11178	1.720867	7.18	67
205587	4.248482	7.18	701
10637	2.107521	7.17	407
329	2.520798	7.17	2266
7214	1.517028	7.17	154
1587	1.34518	7.17	229
2640	1.349349	7.17	100
122917	11.269431	7.17	2187
1643	1.693685	7.17	53
64682	3.013514	7.17	1647
782	2.686243	7.17	712
205601	1.658126	7.17	98
15472	2.693393	7.17	445
10161	1.36409	7.17	63
22494	1.411779	7.17	63
21575	1.585476	7.17	139
2899	2.554752	7.17	212
113	1.605621	7.16	52
38757	4.042434	7.16	1478
127533	1.857782	7.16	83
22	4.587538	7.16	3021
177677	18.702367	7.16	1418
114150	2.393709	7.16	1076
19100	1.137272	7.16	53
252822	2.202372	7.16	50
12444	3.362844	7.16	2510
8736	1.205773	7.16	57
279	2.159274	7.16	371
84199	1.799945	7.16	241
11381	1.496982	7.16	70
273481	6.085323	7.16	302
2292	1.67417	7.15	236
132344	1.487421	7.15	236
74643	2.365917	7.15	443
245891	8.579497	7.15	1490
249164	2.276	7.15	516
319	2.190053	7.15	246
10634	1.686872	7.15	187
272878	2.943194	7.15	114
197950	1.657837	7.15	108
8358	2.930587	7.15	1084
10229	2.466455	7.15	356
234	1.458339	7.15	62
525	1.660256	7.14	419
1726	4.736177	7.14	4896
116149	3.001067	7.14	403
252	1.740011	7.14	282
132363	2.204731	7.14	491
6968	1.566774	7.14	56
156700	1.389006	7.14	186
4638	2.053936	7.14	799
11474	1.472819	7.14	107
5723	1.667357	7.14	229
404	1.481207	7.14	68
15121	2.783588	7.14	446
6844	1.922095	7.14	160
581	2.321167	7.14	389
22538	2.561704	7.14	901
187017	3.208196	7.13	1610
1372	2.46787	7.13	956
819	1.862487	7.13	232
53457	1.146482	7.13	63
13635	1.525178	7.13	91
48034	1.449229	7.13	126
673	3.029354	7.13	2331
687	1.473383	7.13	88
112198	1.54527	7.13	123
71859	1.741785	7.13	194
11528	1.572244	7.13	101
15370	2.262618	7.13	113
77495	1.24813	7.13	51
15137	1.7038	7.13	67
1278	2.000091	7.13	170
11481	1.292377	7.13	52
597	3.845544	7.12	3417
4982	2.185346	7.12	537
1878	2.532082	7.12	468
10925	1.458824	7.12	74
764	2.20742	7.12	290
8681	4.413064	7.12	2284
111969	1.505675	7.12	214
11299	1.430278	7.12	63
120605	1.378309	7.12	55
13928	1.441452	7.12	51
212	1.725013	7.12	98
11798	1.181112	7.12	107
773	1.915503	7.11	583
820	1.777279	7.11	154
578	2.069271	7.11	797
43949	1.664043	7.11	141
121986	1.655518	7.11	146
45162	1.282012	7.11	62
4816	1.34431	7.11	98
63	3.40796	7.11	1058
9495	2.328896	7.11	332
71	1.469628	7.11	202
303857	2.309088	7.11	162
134	2.058526	7.11	444
10907	1.480534	7.11	50
203	1.872522	7.11	73
824	2.323592	7.11	458
655	1.414562	7.1	81
22803	2.136321	7.1	650
8470	1.841956	7.1	197
26466	1.585325	7.1	169
338	1.470268	7.1	205
9571	1.822303	7.1	147
1654	1.635381	7.1	113
51497	1.194196	7.1	1027
10020	4.678571	7.1	1233
8424	1.437598	7.1	160
4922	2.511099	7.1	1230
2503	3.242683	7.1	1574
11113	1.857251	7.1	118
179144	1.697083	7.1	211
2062	3.895148	7.1	1747
250538	1.550154	7.1	99
64690	2.786328	7.1	1452
205	2.065695	7.1	299
2501	3.307432	7.09	2014
1913	1.449758	7.09	54
238713	5.149087	7.09	1075
853	2.586716	7.09	428
805	1.669494	7.09	244
11969	1.758017	7.09	239
33273	1.339492	7.09	87
191714	1.443736	7.09	101
15152	1.213562	7.09	107
3175	1.704976	7.09	140
10669	1.667279	7.09	105
14534	1.536632	7.08	95
19908	2.55572	7.08	1443
5708	1.527262	7.08	60
13377	2.179498	7.08	236
1954	2.446023	7.08	772
104	1.819	7.08	275
1633	1.80843	7.08	74
9377	1.90326	7.08	519
786	2.024022	7.08	297
4476	1.897629	7.08	273
968	1.766624	7.08	199
326359	2.278536	7.08	268
11423	1.268969	7.08	77
157832	1.437401	7.08	148
985	1.268593	7.08	116
12102	1.612804	7.08	117
137	2.174068	7.08	741
10950	1.656851	7.08	184
3176	1.784809	7.07	321
59436	2.142585	7.07	687
262391	2.780914	7.07	421
116745	3.352812	7.07	1449
18079	1.087026	7.07	56
11236	1.75846	7.07	64
9693	1.915445	7.07	648
262551	2.02054	7.07	172
38810	1.482834	7.07	86
10747	1.765348	7.07	80
9340	2.257927	7.07	592
283587	2.291268	7.07	117
4553	1.955929	7.07	384
1366	2.532305	7.07	621
468	1.534408	7.07	52
11687	1.819284	7.07	97
653	1.33797	7.07	90
70670	1.818358	7.07	180
767	3.363168	7.06	2274
1359	2.394968	7.06	621
4995	1.713375	7.06	236
183011	1.853967	7.06	258
522	1.74555	7.06	175
236735	1.533928	7.06	101
9509	2.343287	7.06	640
109689	2.130894	7.06	88
229	1.525483	7.06	53
206487	2.759842	7.06	684
220289	1.573938	7.06	197
277217	2.462813	7.05	138
152603	1.630503	7.05	232
11647	1.407197	7.05	56
766	2.216547	7.05	321
206563	1.855654	7.05	104
9008	2.265263	7.05	144
11971	1.678583	7.05	69
198663	8.281517	7.05	2315
11660	1.568611	7.05	91
2757	1.786807	7.05	183
11044	1.241873	7.05	51
421	1.751606	7.05	299
10377	1.365714	7.05	115
12162	2.61467	7.05	751
46829	1.184212	7.05	51
845	1.819357	7.05	86
19995	7.151615	7.05	7064
10400	1.627947	7.04	123
94329	2.310268	7.04	410
329263	2.694343	7.04	58
979	2.297719	7.04	159
176	2.20352	7.04	759
473	1.538468	7.04	172
2100	1.553415	7.04	86
2013	1.621489	7.04	74
109	1.663	7.04	64
984	2.194255	7.04	196
257211	6.827608	7.04	223
9549	1.994203	7.04	82
674	3.014463	7.04	2440
290	1.746214	7.04	110
18947	1.47019	7.04	250
850	2.655616	7.04	112
187	3.001781	7.04	1206
62211	4.095906	7.03	1726
10674	2.62553	7.03	674
7549	1.643974	7.03	166
79108	1.40121	7.03	76
26963	1.531187	7.03	79
219	1.489969	7.03	132
10331	1.658545	7.03	206
9474	1.436524	7.03	108
1391	1.602313	7.03	92
990	1.758034	7.03	57
11636	1.355231	7.03	76
506	1.484136	7.03	58
830	1.621306	7.03	58
3580	1.556274	7.03	432
34653	1.630642	7.03	138
99	1.709076	7.03	79
11176	1.34112	7.03	60
65229	1.274492	7.03	60
492	1.776708	7.02	393
165	2.905565	7.02	1609
671	4.59879	7.02	3112
20352	5.27242	7.02	4179
1607	1.650194	7.02	143
184	2.794363	7.02	450
288	1.471469	7.02	90
5236	1.972613	7.02	305
562	4.407968	7.02	2121
4584	1.764324	7.02	123
1933	1.575541	7.02	529
11661	1.484424	7.02	63
285783	11.223973	7.02	163
76758	1.627531	7.02	66
106	2.851386	7.01	745
871	2.160856	7.01	312
102651	4.277709	7.01	2048
9461	1.905077	7.01	202
962	1.442106	7.01	76
13466	1.422215	7.01	81
147773	1.27383	7.01	338
203819	1.025466	7.01	97
1949	2.263356	7	619
2034	1.994612	7	604
70667	1.620697	7	134
17654	3.549737	7	1394
675	3.217234	7	2414
9552	1.886434	7	660
10849	1.35652	7	59
11362	1.646177	7	192
157386	1.608156	7	369
33511	1.262701	7	59
82684	1.73865	7	125
93456	4.784697	7	2864
36557	4.176162	7	2161
620	3.187561	7	925
2502	3.097955	7	1349
808	3.898319	7	1553
87827	3.957727	7	3479
4771	1.36704	7	315
64	1.455199	6.99	75
9388	1.882054	6.99	213
10024	1.685148	6.99	203
15196	1.464275	6.99	133
12207	1.815136	6.99	66
17529	1.262533	6.99	62
16553	1.187617	6.99	59
146304	1.337313	6.99	54
9806	5.116366	6.99	1985
377	1.922946	6.99	355
10139	2.095158	6.99	202
11978	1.464765	6.99	251
1653	1.352739	6.99	88
5825	4.190167	6.99	290
51739	1.980548	6.99	289
37472	1.333	6.99	314
131634	20.000266	6.99	704
1491	2.33941	6.99	689
1904	2.180198	6.99	237
116	1.729798	6.98	366
86829	1.890614	6.98	293
863	3.805581	6.98	1497
130739	1.152732	6.98	56
37799	3.038712	6.98	1463
9026	1.317584	6.98	54
196325	1.024327	6.98	53
142	2.87865	6.98	467
10110	1.751138	6.98	217
9475	1.920093	6.98	322
8982	1.988209	6.98	63
1579	2.148078	6.98	454
1262	1.906952	6.98	263
866	1.825807	6.98	323
8923	1.987453	6.97	256
2832	1.639922	6.97	387
77016	1.97185	6.97	503
154	1.750211	6.97	270
770	2.385819	6.97	359
11368	1.639671	6.97	75
388	2.416521	6.97	562
11202	2.058769	6.97	148
252171	1.566187	6.97	73
4951	2.242762	6.97	565
2666	1.902771	6.97	273
228161	4.063545	6.97	600
3035	1.467724	6.97	54
185567	1.485188	6.97	90
688	1.961246	6.97	107
30061	1.547836	6.97	53
203801	11.367364	6.97	695
218	4.276644	6.97	1903
10536	1.837138	6.97	79
82695	2.523626	6.97	968
1427	2.377561	6.97	435
7229	1.350219	6.97	61
9470	1.957252	6.97	374
3933	2.203226	6.97	622
22881	1.940095	6.97	815
14859	1.14849	6.96	57
8810	2.889223	6.96	326
4032	1.438319	6.96	140
18785	3.144815	6.96	2921
6145	2.072342	6.96	272
64685	1.531944	6.96	324
12498	1.268236	6.96	54
10312	1.444205	6.96	214
13920	1.196838	6.96	53
11901	1.549491	6.96	78
1360	1.652899	6.96	101
18937	1.600626	6.96	63
1640	2.870331	6.96	490
967	2.105495	6.96	124
103332	1.787738	6.96	221
401	2.017897	6.96	233
254470	4.489103	6.96	783
63311	1.395037	6.96	293
10226	1.475177	6.96	73
12289	2.236253	6.96	72
196024	1.846016	6.96	71
10218	1.669806	6.96	71
45317	2.133681	6.96	733
88273	1.643796	6.95	87
9462	1.800888	6.95	76
16608	1.395993	6.95	76
13510	1.838198	6.95	108
4347	2.044113	6.95	323
10144	3.335368	6.95	700
4011	2.195424	6.95	478
54559	1.388571	6.95	67
1271	3.014518	6.95	2767
82690	3.29207	6.95	2995
18	2.900755	6.95	1934
1254	1.279399	6.95	56
2270	2.043064	6.95	464
10778	1.830031	6.95	92
1813	2.194958	6.95	482
9366	1.880133	6.94	299
6418	1.301252	6.94	63
1541	1.404268	6.94	233
601	2.665365	6.94	1057
242	2.316228	6.94	629
9385	1.823855	6.94	70
157350	5.689806	6.94	2027
13062	1.62653	6.94	52
161	2.715586	6.94	2152
855	3.723135	6.94	807
37950	1.668991	6.94	180
936	1.654746	6.94	68
15588	1.335823	6.94	93
12163	1.88488	6.94	387
4147	2.209658	6.94	333
594	2.671607	6.94	776
547	1.505743	6.94	106
9662	1.464145	6.94	73
272693	2.359718	6.94	390
44264	2.122202	6.94	772
783	2.058179	6.94	244
300	1.31922	6.94	78
15067	1.653106	6.93	69
433	2.363934	6.93	351
11688	2.639443	6.93	523
14836	2.074896	6.93	457
11171	1.845963	6.93	67
51876	2.606215	6.93	1628
10867	1.886695	6.93	94
11005	1.653218	6.93	122
9056	1.489676	6.93	50
8363	2.404331	6.93	706
3116	1.828042	6.93	71
279229	2.397089	6.93	85
1245	1.631742	6.93	63
9473	2.296314	6.93	323
1632	1.6135	6.93	81
1677	1.410927	6.92	152
672	3.362853	6.92	2427
321528	1.380637	6.92	94
616	2.421558	6.92	761
131631	12.388678	6.92	2240
13001	1.259662	6.92	85
907	1.728906	6.92	78
1407	1.437542	6.92	102
45612	2.615153	6.92	1150
1443	1.636968	6.92	243
470	2.43471	6.91	341
256835	2.653843	6.91	108
226448	1.183938	6.91	85
1555	1.315367	6.91	96
11704	1.459747	6.91	56
2654	1.447989	6.91	61
11970	3.094624	6.91	549
13931	1.482151	6.91	55
49538	1.137285	6.91	3012
9516	1.386912	6.91	59
1895	6.688085	6.91	1815
23483	2.436097	6.9	2174
65754	2.352187	6.9	1113
323027	1.658548	6.9	63
1730	1.211371	6.9	52
10437	2.421321	6.9	57
4550	1.618938	6.9	82
62215	1.998593	6.9	307
228970	2.639404	6.9	445
9023	2.258454	6.9	213
4689	1.347529	6.9	70
251519	1.566769	6.9	160
37495	1.406658	6.9	155
802	1.924618	6.9	95
76338	5.854264	6.9	2189
10086	1.27575	6.9	59
628	1.850769	6.9	560
9905	1.365176	6.9	58
209451	1.590061	6.9	139
6615	1.592579	6.89	176
702	2.180727	6.89	57
10625	2.302884	6.89	601
966	2.585621	6.89	134
192	1.809959	6.89	228
246	1.292829	6.89	68
45094	1.15733	6.89	54
150689	6.553056	6.89	868
226	1.516428	6.89	102
8374	1.974272	6.89	308
6023	2.5027	6.89	407
571	1.921844	6.89	257
18533	1.333129	6.88	165
19101	1.154423	6.88	52
74306	1.359144	6.88	143
138832	3.024681	6.88	1383
82703	2.111578	6.88	389
102899	40.052486	6.88	2044
58574	3.665694	6.88	2141
76025	2.102669	6.88	295
37094	2.043425	6.88	272
82693	3.724542	6.88	2540
6537	1.578432	6.88	184
9769	1.398859	6.88	53
1548	1.206015	6.88	118
69	1.831078	6.88	276
8329	1.986572	6.88	358
9316	2.050335	6.88	213
921	1.832245	6.88	269
4836	1.587103	6.88	200
196	2.840345	6.87	1263
24253	1.918075	6.87	262
7299	2.330396	6.87	527
263109	2.898891	6.87	186
223	1.826055	6.87	87
91739	1.278954	6.87	63
900	1.555228	6.87	59
994	1.577359	6.87	51
2977	1.422188	6.87	98
22954	1.931541	6.87	442
9322	1.56383	6.87	117
378	1.426005	6.87	140
8764	1.228756	6.87	85
11329	1.777127	6.87	117
33613	2.353442	6.87	203
209274	1.874928	6.87	104
44214	2.608572	6.87	1675
5503	3.074761	6.87	508
508	3.211662	6.86	836
22855	1.257366	6.86	55
10528	4.651271	6.86	3172
49519	2.923228	6.86	1371
4643	2.194337	6.86	131
244506	2.576862	6.86	156
15060	1.209713	6.86	58
8055	1.971916	6.86	279
9833	2.232633	6.86	188
686	2.340027	6.86	437
4232	2.455559	6.86	483
168672	3.074245	6.86	1343
6471	1.458219	6.86	57
144	1.609015	6.86	60
7350	2.151989	6.86	471
12144	1.997491	6.86	200
2266	1.522506	6.86	84
10648	1.542384	6.86	56
68721	4.952162	6.86	5987
72113	2.01491	6.86	238
9454	1.776408	6.85	155
60308	2.188816	6.85	646
13851	1.456017	6.85	72
13809	2.139143	6.85	351
978	2.190155	6.85	210
606	1.424607	6.85	81
9696	1.280446	6.85	57
630	2.010707	6.85	554
41201	1.253254	6.85	60
30508	1.212807	6.85	50
488	1.605416	6.85	60
243683	3.223331	6.85	269
11829	1.536727	6.85	56
9787	1.225567	6.85	69
1669	2.049005	6.85	454
241771	1.258026	6.85	62
68734	3.429398	6.85	2034
57212	1.822693	6.85	413
244772	1.526676	6.84	151
9929	1.535529	6.84	61
14337	2.261209	6.84	178
74534	1.980867	6.84	203
43959	1.498814	6.84	152
167	1.833244	6.84	228
1544	1.487662	6.84	50
21755	1.405189	6.84	75
121875	2.345846	6.84	106
254201	1.490204	6.84	53
13667	1.236562	6.84	56
10559	1.856172	6.84	146
80278	2.623086	6.84	780
4415	1.289007	6.84	52
9563	2.157283	6.84	149
9434	1.744233	6.84	88
839	1.532491	6.84	94
1429	1.895467	6.84	200
568	1.977707	6.83	635
9749	1.476274	6.83	66
1807	1.283755	6.83	108
1368	3.07842	6.83	504
52274	1.317056	6.83	62
10360	1.310545	6.83	94
2252	2.088068	6.83	276
665	2.272942	6.83	217
146	2.06985	6.83	416
9559	1.704592	6.83	114
271714	2.285826	6.83	76
1621	1.961569	6.83	194
23168	2.770618	6.83	647
256924	1.785088	6.83	75
11227	1.478421	6.83	69
11697	1.24996	6.83	89
256917	2.513591	6.83	172
10474	1.619025	6.83	123
160588	1.605287	6.82	468
4543	1.839338	6.82	215
17111	1.329995	6.82	59
1791	1.520755	6.82	53
13885	1.981467	6.82	635
451	1.668287	6.82	125
403	1.452394	6.82	119
50348	1.805809	6.82	402
152780	1.412024	6.82	74
9016	2.651562	6.82	330
46705	1.823947	6.82	283
5123	2.022796	6.82	242
284689	1.488205	6.82	57
51209	1.232371	6.81	62
4512	1.384762	6.81	290
61791	2.486174	6.81	1995
254375	1.885163	6.81	149
711	1.700131	6.81	109
592	1.343708	6.81	85
788	3.091345	6.81	478
621	2.146174	6.81	503
49051	5.392308	6.81	5590
9591	1.348123	6.81	79
9802	2.330756	6.81	723
9444	2.105717	6.81	368
250734	2.13654	6.81	107
8489	1.900299	6.81	158
225574	2.372329	6.81	1268
152737	1.944944	6.81	225
23169	1.831676	6.81	304
50646	3.329527	6.81	1052
79	2.821249	6.8	241
81188	3.358037	6.8	954
221902	1.865436	6.8	145
77459	1.61915	6.8	132
1213	1.59792	6.8	270
881	2.277829	6.8	358
51828	1.862956	6.8	373
7270	1.455325	6.8	172
642	1.936507	6.8	276
97365	1.379939	6.8	154
9392	1.79166	6.8	312
1830	2.402849	6.8	581
2293	1.858729	6.8	147
9441	1.266501	6.8	93
13342	1.706932	6.8	105
2196	1.412849	6.79	178
38684	1.460538	6.79	117
140	1.944068	6.79	56
840	2.022146	6.79	360
7485	3.026649	6.79	649
9013	1.314482	6.79	68
197082	1.341166	6.79	68
409	2.22788	6.79	172
13597	2.474857	6.79	230
159824	8.526091	6.79	358
37135	2.367412	6.79	551
94562	1.611382	6.79	70
135397	24.379222	6.79	3258
12149	1.419453	6.79	88
170	2.672837	6.79	715
10948	1.878122	6.79	310
746	1.737689	6.79	100
3131	2.382436	6.78	564
350	2.757196	6.78	870
88	2.333727	6.78	400
425	3.934185	6.78	1614
14139	1.892654	6.78	78
204668	1.557547	6.78	55
35	1.949509	6.78	825
2295	1.537102	6.78	126
209276	1.829191	6.78	139
77877	1.857437	6.78	336
15058	1.211319	6.78	59
9270	1.506735	6.78	111
72190	2.861029	6.78	2775
755	2.698339	6.78	553
828	1.911513	6.78	79
44115	1.782763	6.78	1005
4688	1.983816	6.78	171
34584	1.978362	6.78	308
1073	1.660311	6.78	56
10122	1.677084	6.77	86
49948	1.649476	6.77	108
9289	1.718427	6.77	90
9344	1.410176	6.77	79
2323	1.470604	6.77	136
11046	1.772972	6.77	72
55420	2.03488	6.77	205
2841	1.553104	6.77	115
211672	17.950685	6.77	1888
10800	1.944139	6.77	54
180	3.251652	6.77	1162
11836	2.131461	6.77	228
1714	1.504897	6.77	58
42188	1.910207	6.77	245
9665	1.793181	6.77	115
609	1.745876	6.77	300
9361	2.021445	6.76	302
242090	1.423774	6.76	138
36685	1.756551	6.76	174
771	1.262887	6.76	925
199	2.162693	6.76	330
11416	1.626086	6.76	74
813	2.108403	6.76	318
43923	1.591132	6.76	195
6479	3.098259	6.76	2241
8366	1.501362	6.76	63
145247	1.629537	6.76	176
10323	1.978183	6.76	67
1880	1.331261	6.76	73
9763	1.708224	6.76	79
9325	3.56476	6.76	565
2756	1.906786	6.76	303
13382	2.196307	6.75	61
2898	1.596825	6.75	318
6114	2.323605	6.75	354
9430	1.289537	6.75	58
64720	1.208976	6.75	140
16307	1.341319	6.75	86
3133	1.361847	6.75	58
7326	2.347652	6.75	865
9550	1.706106	6.75	157
268	3.110082	6.75	828
15144	1.487992	6.75	131
658	2.349358	6.75	367
1272	2.594638	6.75	388
212716	1.520403	6.74	292
651	1.509913	6.74	86
46146	1.700694	6.74	201
87	3.242126	6.74	1309
243	1.798085	6.74	233
103731	1.966798	6.74	563
241	1.648292	6.74	316
247182	1.14641	6.74	54
14202	1.706112	6.74	75
639	2.197324	6.74	278
1645	1.657707	6.74	159
652	2.628642	6.74	1076
21032	1.668916	6.74	105
11023	1.971426	6.74	82
24469	1.755469	6.74	78
256591	4.520624	6.74	1135
112949	1.97364	6.73	413
756	2.102662	6.73	286
1883	1.773373	6.73	99
11153	2.070099	6.73	125
1367	2.591112	6.73	319
293	1.711992	6.73	97
2657	1.549571	6.73	147
9603	2.023791	6.73	225
265180	1.934008	6.73	78
13253	1.639157	6.73	65
1885	1.836617	6.73	354
8827	1.514655	6.73	70
381	1.501917	6.73	77
265189	2.165121	6.73	108
252838	2.941086	6.73	284
11072	1.839818	6.73	202
35690	1.783056	6.72	265
794	1.553496	6.72	127
58	3.147986	6.72	2388
9282	1.625673	6.72	81
297	1.613485	6.72	439
10234	1.507436	6.72	59
11561	1.747918	6.72	50
8879	1.812534	6.72	75
43539	2.278032	6.72	417
14292	1.458561	6.72	55
47760	1.313626	6.72	55
37724	5.798617	6.72	5058
10830	1.66707	6.72	253
223485	2.302746	6.72	113
13012	1.832848	6.72	58
1934	2.200111	6.71	238
615	1.901278	6.71	284
270303	5.257291	6.71	538
44826	2.256733	6.71	872
13183	2.929159	6.71	1319
856	2.000627	6.71	469
11934	1.575048	6.71	76
3509	1.52446	6.71	188
20766	2.131047	6.71	424
11633	1.888611	6.71	62
11544	2.640951	6.71	423
9075	1.406237	6.71	98
103747	1.452598	6.71	55
1433	1.579339	6.71	60
801	1.716615	6.71	229
462	2.247	6.71	270
8741	2.142646	6.71	297
10133	1.780803	6.71	58
109410	1.936392	6.71	579
312221	10.238676	6.71	114
8699	1.789306	6.7	587
3432	1.729515	6.7	191
55347	1.321438	6.7	129
10537	1.516369	6.7	72
7304	1.579769	6.7	117
127517	1.463136	6.7	227
13195	1.526733	6.7	55
11549	1.532364	6.7	90
278427	1.799496	6.7	50
1265	1.91246	6.7	341
12225	1.540176	6.7	143
97367	2.601642	6.7	873
9900	1.651816	6.7	86
236737	1.357394	6.7	109
22586	1.855252	6.7	79
286565	4.234859	6.7	639
171372	1.534856	6.69	275
114	2.391414	6.69	612
11522	1.362022	6.69	88
713	1.476511	6.69	78
68722	2.243122	6.69	263
13676	1.015334	6.69	60
91417	1.834952	6.69	60
72570	2.295986	6.69	523
68726	3.369124	6.69	2733
170522	2.893558	6.69	189
9426	1.764673	6.69	260
177	1.513398	6.69	95
58857	1.920448	6.69	111
209185	1.717511	6.69	56
198184	7.03979	6.69	1228
136400	2.403353	6.69	915
13989	1.385512	6.69	75
11006	1.50489	6.69	67
8051	1.733752	6.69	169
7340	1.587163	6.69	262
11499	1.520425	6.68	95
8469	1.937225	6.68	155
39939	1.210419	6.68	180
4518	1.614151	6.68	104
166076	1.476605	6.68	52
2109	2.277592	6.68	493
204436	2.131015	6.68	74
2355	1.543093	6.68	77
40807	2.18494	6.68	525
12914	1.818871	6.68	86
913	1.888549	6.68	140
30497	1.723841	6.68	149
262500	9.090791	6.68	1386
170687	2.436747	6.68	324
232672	1.965212	6.68	509
328425	2.828462	6.68	218
8963	1.84663	6.68	187
107846	3.617926	6.68	826
210479	1.822274	6.68	320
11864	1.681454	6.67	72
2652	1.671762	6.67	245
82507	2.956334	6.67	628
65	1.995723	6.67	442
253412	13.015189	6.67	408
8337	1.944988	6.67	138
22536	1.351424	6.67	56
285	3.585006	6.67	1890
177699	1.670056	6.67	68
10707	1.362844	6.67	77
308	1.335468	6.67	113
10112	2.237038	6.67	364
2164	2.767619	6.67	402
814	1.473459	6.66	158
265228	1.366211	6.66	58
860	1.977956	6.66	171
246860	1.818259	6.66	104
9837	2.876407	6.66	236
2024	2.125874	6.66	460
635	1.568334	6.66	83
270946	4.894806	6.66	620
8292	2.04232	6.66	263
23202	1.68113	6.66	124
8386	1.487921	6.66	78
10601	1.803947	6.66	228
11371	2.032352	6.66	147
257	1.22361	6.66	69
1598	1.879253	6.66	157
11886	2.745577	6.66	449
231576	1.744678	6.66	136
9087	1.594656	6.66	76
5176	1.882144	6.66	561
9762	2.944373	6.66	355
10141	1.719395	6.66	54
586	1.392377	6.66	67
87093	2.341206	6.66	391
218425	1.197488	6.66	61
9502	3.545983	6.66	1398
70821	1.254761	6.65	71
6978	1.880593	6.65	243
37136	2.196728	6.65	283
10649	1.473597	6.65	62
102382	4.864803	6.65	2082
14410	1.503046	6.65	57
140870	1.566901	6.65	64
345	2.39115	6.65	384
11075	1.457731	6.65	81
1251	1.748411	6.65	193
25793	1.452889	6.65	119
1051	2.021288	6.65	109
55725	1.333618	6.65	58
113160	1.387458	6.65	58
8265	2.343264	6.65	178
258216	1.97151	6.65	298
837	1.401133	6.64	107
1923	1.66184	6.64	83
924	2.16334	6.64	361
48415	1.351479	6.64	80
49018	2.872307	6.64	677
1947	1.933062	6.64	56
7445	2.430561	6.64	242
12092	2.501061	6.64	437
14306	2.14114	6.64	499
37137	2.535911	6.64	160
296098	8.363899	6.64	246
51162	1.705244	6.64	123
1538	2.474647	6.64	541
80274	3.569752	6.64	1129
9281	1.648298	6.64	106
51999	1.488845	6.64	100
8270	1.696877	6.63	63
42297	1.591013	6.63	193
87825	2.084619	6.63	171
11973	1.322187	6.63	60
8195	1.998927	6.63	249
8967	2.232486	6.63	349
76492	3.4673	6.63	1242
10510	2.700658	6.63	65
103328	1.771111	6.63	92
10590	1.633853	6.63	246
14052	1.380338	6.63	54
4978	2.055845	6.63	105
10673	1.812006	6.63	188
2567	2.557564	6.63	502
10683	1.4917	6.63	51
2668	2.191615	6.63	588
11880	1.153623	6.63	60
883	1.126429	6.63	64
157841	1.37982	6.62	101
12159	1.622656	6.62	229
294254	10.647608	6.62	780
84332	1.748272	6.62	255
84329	1.774227	6.62	201
284303	3.017558	6.62	80
1052	1.487371	6.62	59
70160	3.537978	6.62	5974
285923	1.586703	6.62	93
85889	2.093986	6.62	258
70954	1.45524	6.62	89
82424	1.404306	6.62	56
2623	1.439838	6.62	65
9576	1.432954	6.61	109
926	1.891772	6.61	288
1581	3.266307	6.61	429
110415	3.476673	6.61	1080
1991	2.329376	6.61	460
10882	3.035063	6.61	383
10228	1.493904	6.61	96
861	3.245922	6.61	636
612	1.93627	6.61	253
238636	2.705347	6.61	676
11114	1.482857	6.61	66
83899	1.997241	6.6	288
214756	11.689335	6.6	1006
276908	1.238521	6.6	53
1572	3.487586	6.6	1097
190880	1.302442	6.6	109
10607	1.573672	6.6	50
82992	1.264754	6.6	3949
431	1.653591	6.6	351
754	2.429315	6.6	707
4104	1.311755	6.6	82
859	1.459054	6.6	72
10837	1.986316	6.6	67
1381	2.0422	6.6	232
11635	2.200212	6.6	165
509	1.826392	6.6	419
12133	1.974058	6.6	337
11824	1.931478	6.6	83
1858	1.598065	6.6	2024
10138	4.545581	6.6	4061
320	1.950807	6.59	369
10860	1.467375	6.59	53
49530	3.423502	6.59	1484
41402	1.308314	6.59	246
154400	3.833569	6.59	414
39013	1.732363	6.59	199
10220	1.81406	6.59	124
13179	2.637624	6.59	104
2322	1.837477	6.59	115
11165	1.481449	6.59	72
11004	1.364743	6.59	50
1164	2.449828	6.59	387
45958	1.42111	6.59	73
9631	2.140591	6.59	239
1090	1.680783	6.59	131
62837	1.721999	6.59	63
1832	1.772363	6.59	327
200505	1.498876	6.59	161
188166	2.176825	6.59	184
5876	2.347419	6.59	381
15283	1.831596	6.59	52
37735	2.112572	6.59	941
10693	3.032959	6.58	446
41233	3.646386	6.58	205
241848	1.879137	6.58	266
2671	1.470855	6.58	73
271674	1.625891	6.58	61
46528	1.523187	6.58	61
49009	1.644523	6.58	154
5548	2.065157	6.58	506
5038	2.070292	6.58	343
11827	1.490988	6.58	50
242042	1.563938	6.58	76
1924	2.332228	6.58	358
251	2.125373	6.58	451
172385	2.860778	6.58	490
24684	1.796716	6.58	149
77174	2.379649	6.58	422
12889	1.3759	6.58	65
56292	4.867886	6.58	2419
60670	1.526042	6.58	124
18320	1.516345	6.58	98
249397	1.842672	6.58	298
82633	2.660453	6.57	484
1267	2.167442	6.57	337
1165	1.969336	6.57	89
107985	2.686972	6.57	767
136795	3.399043	6.57	906
10647	1.825584	6.57	145
2291	1.346171	6.57	83
41602	1.614777	6.57	139
10009	2.561247	6.57	349
44629	1.430832	6.57	70
13156	1.230856	6.57	154
483	1.29261	6.57	92
11838	1.326424	6.57	58
17578	2.441305	6.57	1131
657	2.214869	6.57	326
25941	1.426434	6.57	126
11013	1.414129	6.57	106
8619	1.601755	6.57	303
8467	2.296896	6.57	552
75900	1.883937	6.56	131
72976	2.185035	6.56	772
26428	1.403219	6.56	156
607	2.82602	6.56	1985
10501	2.064565	6.56	173
65057	2.088333	6.56	426
604	3.024225	6.56	1882
574	1.329995	6.56	64
2787	1.634121	6.56	915
37233	2.162417	6.56	161
64688	3.80721	6.56	2371
72784	3.601853	6.56	197
46420	1.444108	6.56	58
332340	2.22984	6.56	101
11281	1.655114	6.56	85
10545	2.534166	6.56	342
91745	1.494177	6.56	61
36657	1.141991	6.56	2235
209263	1.341986	6.56	196
21208	1.977104	6.56	433
504	1.563485	6.56	136
9741	2.027269	6.56	500
11000	1.331104	6.56	100
2280	2.698238	6.55	357
45132	1.641916	6.55	147
36658	1.084423	6.55	1540
11319	2.139368	6.55	186
847	1.609415	6.55	169
9820	2.004375	6.55	245
2253	2.18977	6.55	503
14359	1.87062	6.55	125
9778	2.361241	6.55	202
241855	1.481795	6.55	68
57214	2.624574	6.55	638
7980	1.499451	6.55	374
392	2.14926	6.55	331
2048	2.95548	6.55	1496
8068	1.994635	6.55	282
248774	1.418796	6.55	91
1374	2.224525	6.55	346
36955	2.37621	6.55	439
245916	1.915392	6.55	165
1694	1.457597	6.55	62
9003	1.471176	6.55	114
11224	3.502493	6.55	562
13813	1.813521	6.55	215
91586	2.73265	6.55	497
157370	1.497927	6.55	141
67660	1.44221	6.55	120
623	2.093946	6.55	187
624	1.793198	6.55	88
2055	1.720749	6.54	79
9314	1.484836	6.54	94
281	1.501185	6.54	96
15789	1.876779	6.54	122
11589	1.504655	6.54	50
33542	1.32354	6.54	76
1900	1.865863	6.54	203
11156	1.860057	6.54	89
49444	2.670254	6.54	827
9567	2.127376	6.54	256
9587	1.652552	6.54	69
2755	1.569811	6.54	111
2609	1.545971	6.54	183
2288	1.719468	6.54	254
1498	1.77267	6.53	189
1089	2.521063	6.53	285
10340	2.540939	6.53	383
8649	1.530792	6.53	62
11831	1.084479	6.53	94
4108	3.247307	6.53	680
1715	1.792963	6.53	95
744	2.589461	6.53	779
2616	1.809671	6.53	128
22798	1.598187	6.53	129
207933	2.157951	6.53	162
647	1.70964	6.53	131
226857	2.127411	6.53	212
49521	4.533824	6.53	3869
1547	1.81616	6.52	221
37933	1.89765	6.52	83
127560	1.709127	6.52	104
1255	1.942018	6.52	127
3683	1.925854	6.52	212
20504	2.927037	6.52	1177
10027	2.522637	6.52	189
38055	2.456068	6.52	868
11975	1.664448	6.52	75
941	2.794901	6.52	602
239678	1.760282	6.52	279
927	2.220156	6.52	436
168	1.858281	6.52	207
854	2.561052	6.52	830
9952	1.453826	6.52	104
192141	3.635809	6.52	183
864	1.757731	6.52	198
1997	1.503503	6.52	60
60420	1.407789	6.52	157
1958	1.211659	6.52	63
179826	2.112392	6.52	131
9654	2.509968	6.51	979
18240	2.007324	6.51	666
9487	3.399158	6.51	804
5902	1.667692	6.51	75
46195	3.084849	6.51	1220
9675	1.81033	6.51	172
16995	1.751538	6.51	176
526	1.728591	6.51	88
97	2.147808	6.51	317
38199	1.775454	6.51	194
119675	1.503123	6.51	152
8844	2.745365	6.51	675
11690	1.6286	6.51	122
2907	2.011184	6.51	245
9352	1.512463	6.51	257
305932	1.082772	6.51	69
55787	1.852083	6.51	351
49517	1.767241	6.51	348
26171	1.530081	6.51	88
8271	2.168849	6.51	361
602	3.57124	6.5	1252
68724	3.913161	6.5	1848
2277	1.649286	6.5	259
2028	1.488554	6.5	68
14181	1.445915	6.5	72
9411	1.789209	6.5	110
10276	1.507412	6.5	79
2028	1.488554	6.5	68
14181	1.445915	6.5	72
22947	1.938941	6.5	534
1824	2.235754	6.5	824
8456	1.848958	6.5	169
51052	2.897356	6.5	135
41216	2.373061	6.5	347
7972	1.692075	6.49	98
10060	1.426066	6.49	80
11170	1.487482	6.49	77
37903	1.32097	6.49	73
77887	1.587655	6.49	72
3170	1.980392	6.49	456
39254	2.109961	6.49	1299
160139	1.24442	6.49	60
3040	1.516517	6.49	58
158011	1.684064	6.49	791
787	2.708891	6.49	1118
166	1.214436	6.49	53
11087	1.15151	6.49	50
37056	2.05473	6.49	264
10189	1.841902	6.49	474
269148	1.768614	6.49	172
844	1.364666	6.49	68
67913	1.712862	6.48	131
9078	2.426395	6.48	328
1833	1.200888	6.48	59
11322	2.46086	6.48	615
87492	2.104913	6.48	453
62177	3.664199	6.48	2579
50839	1.525546	6.48	213
12101	1.525529	6.48	78
9798	2.24351	6.48	625
45610	1.761155	6.48	122
5279	1.310473	6.48	73
2023	1.927967	6.48	118
43549	1.743986	6.48	93
9427	1.858571	6.48	92
39514	2.913175	6.48	1735
44896	3.154193	6.48	1051
14844	1.224743	6.47	57
193893	4.904104	6.47	664
130150	1.573418	6.47	131
11963	1.628341	6.47	73
109451	2.397247	6.47	471
8328	3.361032	6.47	179
8367	2.3347	6.47	339
55931	1.953572	6.47	176
41211	1.556386	6.47	123
11652	1.601302	6.47	87
10660	1.399874	6.47	52
8697	1.561126	6.47	69
50725	1.359585	6.47	83
7211	1.689951	6.47	113
227	1.556266	6.47	80
119431	1.342749	6.47	141
10045	1.714623	6.47	200
10890	1.664663	6.46	69
198185	2.043552	6.46	137
9614	1.748228	6.46	309
9659	2.760054	6.46	451
9443	1.652579	6.46	66
12244	2.396345	6.46	651
11890	1.439566	6.46	52
9367	1.649866	6.46	78
408	4.208396	6.46	672
10895	2.556575	6.46	438
7985	1.43207	6.46	127
16353	1.495862	6.46	63
8193	1.843249	6.46	186
11974	1.574587	6.46	99
59	2.017455	6.46	247
10015	1.55922	6.46	74
12113	2.538279	6.46	357
10414	1.638747	6.46	61
1985	1.626429	6.46	134
8065	2.627036	6.46	680
879	2.449805	6.46	541
19265	1.314506	6.46	83
5	1.914018	6.46	186
10195	4.516169	6.46	3567
916	1.354396	6.46	79
22971	2.131716	6.46	434
1281	2.21002	6.46	189
6522	1.211435	6.45	55
310135	1.917268	6.45	55
37686	2.949949	6.45	978
1597	2.083264	6.45	616
1921	1.339404	6.45	97
8053	2.0308	6.45	53
19833	1.178308	6.45	53
86838	1.805841	6.45	559
8643	1.679188	6.45	208
533	2.033268	6.45	239
6878	1.373162	6.45	62
280996	4.98926	6.45	170
7453	2.029854	6.45	432
65291	1.473719	6.45	55
2330	2.117937	6.45	247
1948	2.657358	6.44	529
364	3.335264	6.44	600
1574	1.726333	6.44	250
62630	1.408081	6.44	97
43933	2.15624	6.44	183
90	2.897101	6.44	381
12230	3.637922	6.44	564
55721	2.969323	6.44	590
10780	1.722253	6.44	83
11360	2.310839	6.44	372
11527	1.870075	6.44	74
1826	1.189158	6.44	65
83542	3.987619	6.44	1681
244509	1.627219	6.44	112
157847	1.951624	6.44	159
563	2.086616	6.44	532
1725	1.373906	6.44	119
51991	1.271056	6.44	55
38408	1.844354	6.44	298
6312	1.876994	6.44	164
297556	1.78148	6.43	106
126963	1.585445	6.43	166
2289	2.145503	6.43	188
2112	1.960812	6.43	221
9829	1.46374	6.43	117
98548	1.577451	6.43	87
10530	2.351569	6.43	492
62835	1.871939	6.43	406
9732	3.010678	6.43	354
11797	1.426165	6.43	63
841	1.814735	6.43	208
5175	2.164243	6.43	408
137093	1.781333	6.43	429
10664	1.88903	6.43	177
6691	1.266868	6.43	68
204082	2.563242	6.43	435
809	2.789679	6.43	1126
9093	1.284693	6.43	54
1850	1.338431	6.43	162
24420	2.209794	6.43	296
116711	2.919441	6.43	698
2925	1.309927	6.42	53
17979	4.596231	6.42	367
4523	2.610659	6.42	419
9319	1.984215	6.42	183
43930	1.334953	6.42	91
796	2.149703	6.42	341
241239	2.274695	6.42	238
284296	2.650746	6.42	114
9913	1.596894	6.42	196
4488	1.686054	6.42	183
16281	1.389851	6.42	63
62214	1.73977	6.42	434
957	2.365592	6.42	362
242224	2.136685	6.42	573
16186	1.573596	6.42	56
1946	1.585263	6.42	143
68817	1.317351	6.42	149
59967	3.37019	6.42	2951
1701	2.438348	6.42	532
1771	6.185162	6.42	3984
8976	1.962306	6.42	129
1371	2.470016	6.42	307
43347	2.700842	6.42	433
954	4.342485	6.42	1335
561	2.193999	6.42	760
117251	2.754747	6.42	1042
7305	1.602852	6.42	72
8881	1.88123	6.42	60
13768	1.126009	6.42	54
84175	1.374552	6.42	180
181886	2.183446	6.42	399
4588	2.047258	6.41	94
13685	1.311153	6.41	70
7551	2.611284	6.41	615
5289	1.440045	6.41	116
175112	2.332296	6.41	127
192136	1.21836	6.41	121
298	2.43148	6.41	1054
38363	1.765806	6.41	80
16538	1.846004	6.41	204
192577	2.021385	6.41	186
9560	1.536603	6.41	56
22970	2.559594	6.41	1052
9942	1.584514	6.41	78
75802	1.410244	6.41	72
209403	1.342132	6.41	171
39513	2.454953	6.41	691
1696	1.732675	6.41	77
11976	1.829988	6.41	76
2110	1.594997	6.41	92
1648	1.295476	6.41	151
276907	3.782653	6.41	70
1637	2.581082	6.41	576
646	2.849903	6.41	376
80321	2.56982	6.41	1052
10428	1.768792	6.41	170
10743	1.593127	6.41	53
2255	1.529819	6.4	121
644	2.525872	6.4	614
557	3.342545	6.4	2134
252178	2.205753	6.4	166
76726	2.905072	6.4	728
68812	1.518999	6.4	163
253306	1.410352	6.4	111
75258	2.384201	6.4	136
269650	1.566683	6.4	95
1024	1.556879	6.4	65
676	2.835314	6.4	668
1965	1.352442	6.4	99
2251	1.471634	6.4	79
184314	1.739643	6.4	138
12160	1.57215	6.4	72
2179	1.840146	6.4	134
13785	1.307931	6.4	62
9667	1.471539	6.39	118
1584	2.231204	6.39	503
9588	1.237293	6.39	61
11454	1.053982	6.39	122
9387	2.077787	6.39	250
277	2.689857	6.39	1209
202575	1.948135	6.39	64
2171	1.347259	6.39	109
454	2.456619	6.39	422
9481	2.169412	6.39	299
11543	2.001088	6.39	81
9909	1.561708	6.39	81
51540	2.251747	6.39	969
26388	1.530819	6.39	296
8355	3.972278	6.39	967
11455	2.256614	6.39	75
9429	1.98833	6.39	66
174	1.676127	6.39	167
9490	1.683284	6.39	61
50837	1.370533	6.39	74
85446	3.210922	6.39	296
8390	2.166552	6.38	243
5336	2.049201	6.38	52
19898	2.603677	6.38	264
97630	2.64384	6.38	1013
11009	1.569661	6.38	107
1635	2.828174	6.38	710
11208	1.457744	6.38	55
44249	1.555794	6.38	131
11287	1.440792	6.38	122
10198	2.332985	6.38	435
11820	1.900032	6.38	117
816	2.944376	6.38	391
12783	1.921929	6.38	137
50456	1.75658	6.38	470
37645	2.023387	6.38	122
9535	1.946724	6.38	177
45156	1.333299	6.38	76
76170	1.721144	6.37	2478
565	2.217176	6.37	490
11977	1.488243	6.37	138
9386	1.503736	6.37	113
8872	2.069784	6.37	175
11439	1.42168	6.37	244
9357	1.864342	6.37	112
11826	1.646043	6.37	54
68727	2.366175	6.37	551
411	3.202987	6.37	913
231176	1.094473	6.37	77
1495	2.38455	6.37	462
24803	1.666534	6.37	168
34769	1.329458	6.37	61
227719	2.626334	6.37	407
238615	9.914437	6.37	285
1911	2.290731	6.37	186
25475	1.957888	6.37	72
10720	1.289112	6.37	53
1535	1.829338	6.37	238
11336	1.499663	6.37	78
44129	1.376675	6.37	101
1103	2.050607	6.37	219
16617	1.554918	6.36	111
544	2.316365	6.36	477
605	3.034956	6.36	1699
9336	2.408483	6.36	173
7457	2.201658	6.36	176
9663	1.86577	6.36	62
11835	1.829613	6.36	98
227156	2.493367	6.36	617
276843	1.418805	6.36	58
22794	3.08894	6.36	814
2670	1.877053	6.36	206
2142	1.809069	6.36	108
254320	3.110103	6.36	54
163	2.378604	6.36	1005
159121	1.335369	6.36	71
286554	1.710174	6.36	267
8197	1.069869	6.36	56
995	1.244385	6.36	59
950	3.641745	6.36	1110
10403	1.669341	6.36	52
9602	1.965193	6.35	340
8769	1.554387	6.35	113
1930	3.185794	6.35	4063
2001	1.768905	6.35	112
2046	1.584201	6.35	78
11774	2.184874	6.35	430
15373	1.66214	6.35	223
1586	2.072611	6.35	300
9737	2.423736	6.35	845
12573	1.635675	6.35	141
9707	1.572991	6.35	57
6575	1.252449	6.35	57
1573	3.140644	6.35	982
38050	2.445548	6.35	836
1552	1.402276	6.35	50
1246	2.145338	6.35	300
5994	1.572256	6.35	209
8326	1.481603	6.35	126
9799	1.29852	6.35	2160
21385	1.930511	6.35	53
72197	1.757007	6.35	212
15139	1.510686	6.35	56
50544	2.322489	6.35	911
11395	3.653605	6.35	161
11814	1.88304	6.35	111
768	2.338296	6.35	274
227700	1.65022	6.35	75
59859	2.563811	6.35	1091
218778	1.99528	6.35	255
60307	1.585484	6.35	100
1887	1.693585	6.34	193
3989	1.519825	6.34	186
9994	2.02851	6.34	102
4547	1.547955	6.34	408
29917	1.309343	6.34	146
20760	1.941343	6.34	76
10779	1.68831	6.34	126
858	2.040112	6.34	252
13804	1.396836	6.34	1340
164457	2.103067	6.34	298
11770	1.797174	6.34	188
175774	1.669398	6.34	100
13971	1.401621	6.34	153
11282	2.103887	6.34	309
1389	1.514191	6.34	109
16523	1.699148	6.34	202
241554	5.68991	6.34	530
25	1.680134	6.34	294
795	2.126147	6.34	210
11253	2.838882	6.34	577
4517	2.06945	6.34	86
200713	1.580789	6.34	52
8408	1.524724	6.34	55
9476	2.074878	6.34	350
9533	1.367668	6.34	465
82654	2.302373	6.34	1592
10719	4.073482	6.33	357
44865	1.715253	6.33	142
11708	1.808256	6.33	66
9726	1.858051	6.33	126
152747	1.466188	6.33	318
10586	1.400683	6.33	68
184352	1.12181	6.33	62
2105	2.944027	6.33	1018
92591	1.889704	6.33	115
4012	1.435783	6.33	53
11003	1.803849	6.33	209
157360	1.429401	6.33	103
10155	1.877267	6.33	50
193	1.840581	6.33	197
8961	2.29904	6.33	688
9725	1.662935	6.33	76
111190	1.662137	6.33	114
95	2.832794	6.33	1175
9433	1.859062	6.33	102
9326	1.743234	6.33	177
180894	1.348206	6.33	52
206647	12.390783	6.33	1206
118	2.639637	6.33	1055
11596	1.606087	6.33	106
49049	2.000756	6.33	1021
72105	4.312751	6.32	2515
9647	2.417001	6.32	105
156711	1.288992	6.32	82
253687	1.07413	6.32	65
1439	1.675347	6.32	76
588	2.206155	6.32	375
11967	1.447275	6.32	100
136403	1.376877	6.32	72
8054	1.637406	6.32	335
8338	1.808702	6.32	113
43947	1.723002	6.32	178
296099	5.103412	6.32	397
13435	1.254112	6.32	52
12599	1.411805	6.32	71
953	3.425786	6.31	1678
280092	2.420134	6.31	375
9655	2.553666	6.31	242
20943	1.893065	6.31	372
172803	1.600172	6.31	146
38542	1.46351	6.31	53
2059	2.738374	6.31	831
9390	2.21976	6.31	319
64678	1.472753	6.31	145
7516	2.012043	6.31	208
255343	2.210054	6.31	100
3021	2.215184	6.31	528
920	3.024058	6.31	1782
9768	1.792108	6.31	73
8669	1.383832	6.31	73
1817	2.099529	6.31	336
9805	1.911267	6.31	52
3293	1.420346	6.31	83
141043	1.742105	6.31	181
8009	2.072736	6.31	199
12335	1.537113	6.31	85
4944	2.039478	6.3	505
8848	2.071323	6.3	304
9036	2.396868	6.3	148
1894	6.293524	6.3	1794
9007	1.653483	6.3	163
10142	1.417192	6.3	56
171274	3.83346	6.3	333
133790	1.330645	6.3	61
1865	3.838449	6.3	2496
236751	1.545045	6.3	129
10999	2.145128	6.3	270
254	2.787769	6.3	786
9359	1.988716	6.3	219
83686	1.683548	6.3	151
240832	6.449336	6.3	2660
11185	1.455435	6.3	55
13150	1.658161	6.3	80
146015	1.7989	6.3	150
10998	1.916876	6.3	80
9291	1.997146	6.3	289
10010	1.892399	6.3	97
1125	1.61052	6.3	82
287689	1.256911	6.3	57
712	1.615532	6.3	183
17332	1.42534	6.3	89
11017	1.651982	6.3	150
10316	1.895165	6.3	408
17609	1.568035	6.3	172
2064	1.668811	6.3	113
27582	2.543812	6.3	459
21861	1.439956	6.3	108
1599	1.268018	6.3	71
87502	2.382419	6.3	1569
8066	1.694294	6.3	100
6415	1.793613	6.29	224
4349	1.697402	6.29	236
5551	1.577085	6.29	148
81025	1.750116	6.29	148
75612	3.764537	6.29	3197
10328	1.599354	6.29	87
2140	2.202653	6.29	94
10159	2.461393	6.29	200
157849	2.269016	6.29	298
12689	1.517582	6.29	72
74465	2.080976	6.29	398
11135	4.414855	6.29	103
146216	2.400882	6.29	891
50546	2.573314	6.29	691
11850	1.58383	6.29	50
109428	3.029716	6.29	1048
3573	1.52606	6.29	52
9362	2.1292	6.29	274
8488	2.083246	6.29	671
10529	1.687986	6.29	119
10201	2.365524	6.29	650
37725	1.143477	6.28	72
10909	1.505932	6.28	65
10158	1.882309	6.28	95
11846	1.594036	6.28	120
84355	1.394118	6.28	69
21407	1.826686	6.28	115
21778	1.5346	6.28	64
196867	3.307741	6.28	210
243684	1.964054	6.28	162
12182	1.520697	6.28	130
4437	2.065256	6.28	114
62046	1.567368	6.28	100
4958	1.534001	6.28	93
48138	2.619839	6.28	550
12153	1.86467	6.28	212
328595	1.291179	6.28	63
241842	1.450571	6.28	74
10052	1.815228	6.28	56
39781	1.935404	6.28	158
1576	2.137102	6.27	817
109414	1.974803	6.27	1274
73723	2.618812	6.27	587
9532	2.038821	6.27	445
1494	1.44513	6.27	79
20526	3.041088	6.27	1628
10047	1.737434	6.27	127
206408	1.278176	6.27	118
2789	1.801869	6.27	946
264999	3.037958	6.27	290
7555	2.568631	6.27	376
1571	3.414942	6.27	1120
245	1.880209	6.27	226
11450	1.252168	6.27	71
1562	2.167114	6.27	501
9303	1.755751	6.27	60
310593	2.45367	6.27	122
634	2.457653	6.27	413
113947	1.386848	6.27	79
1893	7.061962	6.27	2027
865	1.982432	6.27	256
9671	2.334517	6.27	147
2300	1.695533	6.26	428
15739	1.357817	6.26	55
69798	2.022909	6.26	133
115290	1.920335	6.26	61
9766	1.336148	6.26	88
10249	1.571951	6.26	98
8834	1.832031	6.26	173
49953	1.946477	6.26	50
11873	1.437979	6.26	77
22972	2.285223	6.26	324
1992	2.273537	6.26	361
2294	2.255922	6.26	170
87499	1.760296	6.26	143
249660	1.406203	6.26	103
8874	1.780272	6.26	208
1989	1.281831	6.26	70
75674	1.985232	6.26	259
8413	2.502185	6.26	238
112336	1.639367	6.26	246
11412	2.214406	6.26	92
23631	1.976765	6.26	476
77949	1.272534	6.25	110
956	5.288715	6.25	991
188222	4.673394	6.25	246
4464	1.438806	6.25	71
1440	1.72978	6.25	73
79218	2.226119	6.25	75
9718	1.578813	6.25	172
145197	1.644751	6.25	103
591	2.222975	6.25	1076
184098	1.535851	6.25	121
558	2.07316	6.25	1878
6552	1.461687	6.25	62
78698	1.961289	6.25	80
198287	1.333528	6.25	130
136797	2.447652	6.25	868
834	2.742903	6.25	818
34544	2.804427	6.25	899
189	5.30876	6.25	636
245775	1.280854	6.25	103
3049	2.681993	6.25	715
13053	2.729842	6.25	813
10466	1.893818	6.25	85
192132	1.379888	6.25	126
149509	3.046909	6.25	354
155084	1.452444	6.25	161
13225	1.415067	6.25	51
9740	1.359196	6.24	572
402	2.163411	6.24	282
11884	1.259344	6.24	78
1630	1.731594	6.24	76
75174	2.478227	6.24	590
942	2.323697	6.24	381
12797	1.358007	6.24	68
10585	1.658253	6.24	169
15037	1.2211	6.24	58
229297	1.763938	6.24	300
9899	1.313988	6.24	50
3525	2.029155	6.24	71
7442	1.636018	6.24	69
7446	2.434738	6.24	620
169917	5.145379	6.24	601
10215	1.554283	6.24	72
1903	2.100443	6.24	394
71864	2.139758	6.24	178
49017	5.312896	6.23	1227
268238	1.77078	6.23	113
19255	1.308618	6.23	64
16614	1.578885	6.23	233
6076	1.608834	6.23	62
11520	1.677883	6.23	60
96724	2.065207	6.23	273
2667	1.766636	6.23	312
7191	2.188395	6.23	670
9346	1.947846	6.23	93
257445	2.906772	6.23	104
44048	2.125014	6.23	458
25195	2.085563	6.23	178
7942	1.683869	6.23	79
64328	1.529134	6.23	248
310	2.673211	6.23	1172
138103	3.514823	6.23	969
8913	1.39	6.23	117
158852	9.574333	6.23	1060
10865	2.96788	6.23	290
8005	1.996075	6.23	195
9522	1.894631	6.23	512
10156	1.744781	6.23	60
9816	1.575138	6.23	120
10776	1.827944	6.22	118
34813	2.07376	6.22	220
59678	1.729388	6.22	227
2976	1.888846	6.22	225
10353	1.523154	6.22	54
239566	1.767861	6.22	79
44269	1.099889	6.22	50
199373	1.913546	6.22	232
309302	1.908171	6.22	57
9870	2.182504	6.22	431
294652	2.527073	6.22	130
13291	1.796984	6.22	71
22897	1.362523	6.22	138
12222	2.652635	6.22	390
13532	1.625929	6.22	148
4929	1.642336	6.21	56
145220	2.251742	6.21	171
1907	1.772154	6.21	376
10147	2.303056	6.21	221
177494	1.42954	6.21	261
9642	1.789063	6.21	66
4552	1.467933	6.21	59
2675	2.00574	6.21	470
10766	1.619934	6.21	50
84188	1.148899	6.21	81
2080	1.220746	6.21	2266
710	2.565314	6.21	543
227159	3.905927	6.21	719
12246	1.609258	6.21	53
12690	1.621826	6.21	111
273271	1.644736	6.21	99
11418	2.004615	6.21	58
22907	2.143782	6.21	191
53487	1.253147	6.21	80
7512	1.848629	6.21	211
622	1.93901	6.21	250
210947	1.427423	6.21	100
27576	3.05715	6.2	1031
2924	1.829996	6.2	126
150	1.627178	6.2	114
58423	2.815568	6.2	757
3536	1.692333	6.2	152
287	1.440356	6.2	50
838	1.431351	6.2	83
36647	2.334727	6.2	871
1487	2.584788	6.2	695
109421	2.005134	6.2	825
153158	1.658564	6.2	69
6283	1.41775	6.2	82
11430	2.542281	6.19	231
246080	1.933487	6.19	173
290999	1.534815	6.19	57
9472	2.285059	6.19	367
59961	2.378817	6.19	805
9922	1.557915	6.19	89
14411	1.945358	6.19	105
496	2.04524	6.19	487
9919	2.63611	6.19	307
3291	1.607376	6.19	98
112205	2.265827	6.19	509
4912	1.67462	6.19	78
9788	1.715518	6.19	148
301351	4.372782	6.19	97
201085	4.497839	6.18	238
790	1.807101	6.18	76
5174	2.092918	6.18	311
8388	1.462022	6.18	93
2655	1.464763	6.18	148
2978	2.59081	6.18	343
31867	1.672784	6.18	286
86825	2.012729	6.18	454
8840	1.757817	6.18	180
3635	1.849437	6.18	108
11286	1.643649	6.18	50
668	2.252843	6.18	170
41733	2.077795	6.18	683
181533	7.161742	6.18	681
398	1.405216	6.18	114
121826	1.491479	6.18	77
4148	1.710042	6.17	238
9032	1.968032	6.17	314
13090	1.55286	6.17	75
44683	1.684907	6.17	78
9944	1.753876	6.17	139
9043	1.790336	6.17	90
271718	9.862024	6.17	381
124905	3.578246	6.17	1661
9012	2.386858	6.17	128
11808	1.906697	6.17	128
1268	1.931648	6.17	233
7518	2.471001	6.17	402
3902	1.419751	6.17	53
10380	1.607364	6.17	65
9543	3.134147	6.17	1190
15157	1.75045	6.17	104
162215	1.500021	6.17	119
4564	1.660376	6.17	188
260346	7.506651	6.17	1078
71688	1.432572	6.17	221
8536	2.023498	6.17	210
11497	1.507564	6.17	81
215	2.396026	6.17	392
564	2.774469	6.17	1155
87101	19.239211	6.17	1494
2044	1.805938	6.17	257
173897	1.178323	6.17	345
2614	1.720206	6.17	100
9044	1.759503	6.16	82
9297	2.150683	6.16	292
77950	2.816815	6.16	649
5255	3.733848	6.16	501
44945	1.61644	6.16	101
9489	2.215423	6.16	342
57800	3.106439	6.16	1567
8909	4.316572	6.16	953
8012	1.544065	6.16	97
134374	1.875502	6.16	903
157547	2.158863	6.16	387
13027	2.294306	6.15	482
1369	2.43597	6.15	314
660	2.628965	6.15	221
38303	1.530075	6.15	138
2604	1.698265	6.15	112
9317	1.749404	6.15	53
12233	1.64633	6.15	133
41446	2.000897	6.15	331
7443	2.009697	6.15	419
53182	3.720381	6.15	1246
38543	1.730113	6.15	102
254128	10.593594	6.15	1321
26389	1.66904	6.15	331
11892	1.483319	6.14	83
308504	2.344329	6.14	142
41283	2.071849	6.14	272
195589	3.009568	6.14	1165
13092	1.542167	6.14	77
9100	1.482806	6.14	119
53319	1.030554	6.14	56
98567	1.639976	6.14	158
26390	1.703543	6.14	123
200	1.840343	6.14	173
13600	2.309181	6.14	255
208134	2.549071	6.14	390
3179	1.271524	6.14	64
3594	1.656484	6.14	384
178682	1.494725	6.14	57
10222	1.504606	6.14	82
4513	1.799294	6.14	265
9880	2.240638	6.14	319
36668	1.086773	6.14	1918
9972	1.813178	6.14	61
232679	1.46078	6.14	65
9664	1.575511	6.14	142
13448	3.051618	6.14	896
27586	1.54422	6.14	77
179	1.693839	6.14	125
35552	1.36579	6.14	114
11631	2.234974	6.14	481
75780	2.822698	6.13	1799
8952	1.718528	6.13	198
1259	1.835042	6.13	71
6961	1.555753	6.13	75
38356	1.452953	6.13	2101
287084	1.606197	6.13	64
6973	1.730922	6.13	72
70981	3.793146	6.13	2847
667	2.618883	6.13	195
17927	1.447841	6.13	69
12155	3.813039	6.13	1997
10934	1.8916	6.13	50
13640	1.37288	6.13	50
6069	1.763849	6.13	100
6972	1.943578	6.13	275
18487	2.011073	6.13	371
18781	1.341061	6.13	90
12085	1.271592	6.13	51
10029	1.503777	6.13	55
12437	2.629507	6.13	786
50204	1.252746	6.13	59
9477	2.650435	6.13	300
11358	1.970498	6.13	148
117263	2.250025	6.12	2031
6957	2.538289	6.12	654
11678	1.679621	6.12	86
82682	2.763617	6.12	1157
175291	1.383866	6.12	62
10866	1.463208	6.12	96
2637	1.526692	6.12	88
266285	1.897185	6.12	105
197796	1.822044	6.12	189
49527	2.022348	6.12	435
82525	2.020564	6.12	372
58244	1.914766	6.12	535
2758	1.593598	6.12	146
3172	1.79748	6.12	116
84184	1.413783	6.12	86
86828	4.238109	6.12	56
4141	2.091673	6.12	221
13483	1.996127	6.12	152
245700	1.701585	6.11	87
1729	1.7288	6.11	170
88005	1.505887	6.11	298
72387	2.520872	6.11	439
6488	1.31788	6.11	110
11566	1.871384	6.11	66
9779	1.460412	6.11	106
49526	1.618646	6.11	461
11449	1.32787	6.11	58
14400	1.538086	6.11	85
38073	1.417826	6.11	103
1266	2.016214	6.11	112
4566	1.489943	6.11	157
193610	2.079455	6.11	709
152795	1.387568	6.11	60
72431	1.422916	6.11	102
36593	2.244108	6.11	140
11259	1.911495	6.11	94
14001	1.667597	6.11	170
11238	3.13695	6.1	186
12154	1.462934	6.1	67
512	1.624536	6.1	115
115782	2.132943	6.1	678
41154	2.997947	6.1	2462
1624	2.112969	6.1	537
23827	1.894932	6.1	491
6435	1.631447	6.1	118
9923	1.707685	6.1	133
3595	1.779312	6.1	143
38365	2.454377	6.1	879
9272	1.152392	6.1	60
12184	2.010774	6.1	145
1365	1.612508	6.1	70
110398	1.397353	6.1	51
9086	1.430871	6.1	72
11460	1.710356	6.1	135
2116	1.958362	6.1	105
1957	1.450353	6.1	100
1577	2.478592	6.09	556
87421	3.140082	6.09	1180
10527	3.323596	6.09	837
2269	1.418803	6.09	60
944	2.42683	6.09	301
209247	1.882808	6.09	104
73567	1.792851	6.09	127
284276	2.79485	6.09	162
9486	1.959799	6.09	337
7737	1.496232	6.09	609
617	2.003279	6.09	141
264656	1.806118	6.09	96
295964	2.186785	6.09	51
39053	1.217273	6.09	51
127372	1.542384	6.09	57
10684	1.852849	6.09	80
36819	1.753601	6.09	69
54318	2.027333	6.09	104
29427	1.483396	6.09	214
7450	1.926556	6.09	123
9313	2.22602	6.08	342
146239	1.742055	6.08	266
9610	2.057486	6.08	126
183836	1.124475	6.08	84
2605	1.704764	6.08	164
12201	1.805208	6.08	213
2086	1.351817	6.08	61
11357	1.402402	6.08	55
7461	1.887285	6.08	331
584	1.447813	6.08	932
173185	1.3286	6.08	123
8999	1.829852	6.08	112
116741	2.495214	6.08	875
6538	1.626051	6.08	113
4787	1.533923	6.08	63
9335	3.267362	6.08	469
884	1.373405	6.08	51
14462	2.025461	6.08	128
14926	1.353856	6.08	64
118293	1.196317	6.08	64
9342	2.198063	6.08	502
11622	1.532559	6.08	71
25196	1.606836	6.08	78
1724	2.74734	6.08	1390
16577	1.760641	6.08	204
20662	2.60179	6.08	612
276844	1.708279	6.08	66
109443	1.672012	6.07	463
15357	1.591317	6.07	141
114750	1.32415	6.07	101
10985	1.771634	6.07	54
37414	1.397527	6.07	62
50620	2.633552	6.07	1194
11551	1.785597	6.07	183
4824	1.970701	6.07	212
87516	2.174523	6.07	290
943	2.196004	6.07	326
2103	1.475054	6.07	135
64807	2.014934	6.07	201
16119	1.849741	6.07	72
38843	1.850292	6.07	94
4421	1.605803	6.07	134
123553	2.327127	6.07	654
61891	1.819131	6.07	143
9681	1.701056	6.07	68
10479	1.257243	6.07	53
75761	1.346732	6.07	91
257344	12.133628	6.06	800
72571	1.895149	6.06	281
75638	1.72749	6.06	134
10623	1.999422	6.06	103
38357	1.901576	6.06	149
10897	1.287066	6.06	56
257091	2.866685	6.06	423
199575	1.47015	6.06	66
45657	1.456427	6.06	114
11601	1.383329	6.06	98
8584	2.131794	6.06	272
9739	2.417185	6.05	429
8838	2.240062	6.05	128
9398	2.399746	6.05	404
2133	1.983959	6.05	212
10003	1.61992	6.05	111
8491	1.728285	6.05	65
1593	3.642266	6.05	998
11904	1.896126	6.05	56
9451	1.705606	6.05	75
271724	1.290902	6.05	66
283350	2.111102	6.05	114
6947	1.590862	6.05	308
619	1.723586	6.05	212
10591	1.873125	6.05	334
58232	1.516345	6.05	59
8373	1.542077	6.05	1668
16690	1.809289	6.05	101
39538	2.070017	6.05	617
58233	1.928749	6.05	519
201	1.90253	6.05	217
9333	1.792861	6.05	86
34016	1.590532	6.05	205
817	2.604292	6.05	394
467	1.216936	6.05	55
13515	1.654329	6.05	144
10663	1.634552	6.04	189
16871	1.9289	6.04	339
70436	1.564682	6.04	160
8461	1.562359	6.04	127
9615	1.485066	6.04	785
435	1.919024	6.04	997
32657	2.829656	6.04	809
60935	2.515846	6.04	286
4964	2.042	6.04	468
1492	1.472993	6.04	50
9759	1.596709	6.04	206
49494	2.0052	6.04	184
7874	1.452435	6.04	69
10803	1.491638	6.04	56
74387	1.664377	6.04	127
270302	1.369179	6.03	119
681	2.55032	6.03	224
8835	2.57229	6.03	299
174772	1.576428	6.03	241
2454	2.534699	6.03	592
9595	2.101566	6.03	213
46503	1.486437	6.03	122
10303	1.53827	6.03	95
2275	1.861352	6.03	64
11283	1.800987	6.03	193
34636	1.8892	6.03	65
133121	2.309763	6.03	65
4413	1.592815	6.03	67
225565	1.814351	6.03	440
244264	1.71357	6.03	172
10072	1.622868	6.03	105
50698	1.186812	6.03	128
1909	1.386157	6.03	57
16781	1.563503	6.03	57
58151	1.499752	6.03	229
12110	1.627468	6.03	59
10358	2.166597	6.03	296
2661	1.359688	6.03	60
184346	1.918632	6.02	361
11001	1.852613	6.02	143
1551	1.545921	6.02	126
157	1.418467	6.02	172
63492	1.852788	6.02	216
52520	2.668329	6.02	1228
182127	1.41878	6.02	89
693	2.344022	6.02	490
691	2.411223	6.02	188
1428	2.127317	6.02	214
330	1.205168	6.02	1286
22832	2.028637	6.02	167
1493	1.97868	6.02	360
38575	3.047191	6.02	683
96	2.38384	6.02	224
9294	1.543912	6.02	101
2069	1.402165	6.02	229
12403	1.891074	6.02	135
65086	1.918865	6.02	471
66	1.717341	6.02	56
2207	1.540205	6.02	286
11096	1.965058	6.02	143
214	2.002598	6.02	347
74513	1.768999	6.02	59
9276	1.538567	6.02	150
157845	1.896557	6.02	121
12106	1.667411	6.02	129
44147	1.520878	6.02	65
41630	2.137132	6.01	537
2005	1.529021	6.01	188
172533	1.341813	6.01	189
254904	3.497982	6.01	380
204922	3.454549	6.01	314
181283	3.499733	6.01	202
10764	4.415367	6.01	1703
23830	1.767733	6.01	95
14254	1.725592	6.01	136
1738	1.992346	6.01	319
682	2.153461	6.01	191
9273	2.775692	6.01	399
7484	2.474911	6.01	250
9991	1.256438	6.01	54
1620	2.333259	6.01	461
11128	1.659312	6.01	72
132232	2.23193	6.01	732
13417	1.731103	6.01	75
535	2.330866	6.01	84
57201	2.30526	6.01	1213
14451	1.662331	6.01	94
192102	2.86631	6	520
9374	1.596166	6	208
290764	3.183553	6	214
10074	2.039802	6	119
37710	1.825474	6	750
87826	1.817216	6	355
80389	1.99675	6	239
76285	2.821052	6	743
49021	2.176789	6	328
48289	1.482375	6	107
2362	1.532014	6	59
249	1.751257	6	66
11548	1.667191	6	77
10731	1.297571	6	80
9986	1.401917	6	103
10567	2.313581	6	192
10972	1.266753	6	61
81390	1.735779	6	52
138697	2.464747	6	825
228967	5.258191	6	1197
55465	2.06984	6	145
10539	1.875934	6	141
9882	1.787415	6	130
77866	2.40974	6	442
91314	5.039279	6	1700
9556	1.743208	5.99	91
772	6.572734	5.99	972
12100	1.680307	5.99	141
9331	1.811283	5.99	140
15657	1.669828	5.99	65
45243	3.263752	5.99	2083
152748	1.320312	5.99	62
86555	1.384343	5.99	60
2123	1.736773	5.99	346
8882	1.466641	5.99	53
12180	2.195802	5.99	159
82675	3.112535	5.99	1641
9399	1.554504	5.99	52
13220	1.368572	5.99	51
59860	1.682359	5.99	171
3036	1.441615	5.99	79
77805	1.448777	5.99	116
8204	1.822737	5.99	154
12435	1.621336	5.99	115
49529	3.640166	5.99	1098
9255	2.199265	5.99	176
19458	1.398602	5.99	105
6557	1.852925	5.99	382
207768	1.731793	5.98	122
44835	1.298398	5.98	73
231	1.570088	5.98	174
171540	1.347561	5.98	58
10898	1.14007	5.98	114
9872	1.235161	5.98	57
8922	1.936812	5.98	170
256274	1.950258	5.98	326
13389	1.850071	5.98	130
5683	1.350285	5.98	50
1968	1.381941	5.98	50
36586	2.449813	5.98	584
4953	1.544216	5.98	140
11400	1.51082	5.98	92
10439	1.593218	5.98	177
55846	3.081131	5.98	236
85872	1.327066	5.98	83
8665	2.077927	5.98	102
52015	1.518522	5.98	81
98566	6.895814	5.98	1290
9705	2.445083	5.97	476
6950	1.812134	5.97	168
9679	2.155828	5.97	775
10065	2.070724	5.97	180
6278	1.728106	5.97	229
10135	1.276591	5.97	70
121824	1.450016	5.97	171
123	1.677169	5.97	67
46529	2.096922	5.97	750
10431	2.03736	5.97	190
35019	1.765931	5.97	140
27581	2.344934	5.97	622
11172	1.891817	5.97	235
16996	2.454553	5.97	438
8916	2.418621	5.96	313
12103	1.494602	5.96	71
6935	1.422966	5.96	55
84306	1.165426	5.96	68
9621	1.402671	5.96	122
76163	3.495909	5.96	1891
818	2.63417	5.96	386
7552	1.874167	5.96	249
74018	1.436994	5.96	65
28302	1.614261	5.96	52
9529	1.704766	5.96	78
10651	2.078474	5.96	64
19724	1.386351	5.96	51
32823	1.546566	5.96	250
1687	1.709554	5.96	74
8346	1.706682	5.96	218
157825	1.660481	5.96	130
13648	1.923607	5.96	106
10468	1.304476	5.96	68
6520	1.779033	5.96	102
6964	1.681641	5.96	135
6637	2.456812	5.95	818
7288	1.357947	5.95	138
10782	1.625792	5.95	95
10851	1.703322	5.95	137
4233	1.824784	5.95	263
9730	1.591368	5.95	60
71552	2.529584	5.95	967
18405	1.418044	5.95	135
109418	2.04883	5.95	634
10188	1.320302	5.95	67
9425	1.910454	5.95	67
50780	1.381863	5.95	95
13313	2.043081	5.95	56
77930	3.200298	5.95	424
82532	1.322905	5.95	101
10192	2.666864	5.94	854
168530	2.422826	5.94	409
11619	2.002128	5.94	337
9801	2.329278	5.94	220
136835	2.006191	5.94	79
5689	1.654423	5.94	96
113148	1.264236	5.94	60
23048	2.1566	5.94	399
9896	2.08134	5.94	178
52505	1.198584	5.94	50
2099	1.457222	5.94	50
152	2.378204	5.94	215
11665	1.944945	5.94	446
2085	1.896369	5.94	140
10398	1.457801	5.94	82
11917	1.699074	5.94	284
8273	2.360546	5.94	438
8224	2.526667	5.94	162
49520	1.525358	5.94	294
177888	1.295314	5.94	118
1647	1.794245	5.94	204
11186	1.668607	5.94	86
1248	1.32142	5.94	328
13523	1.952601	5.94	117
109439	3.760892	5.94	1597
297608	1.26175	5.93	99
133805	2.055688	5.93	638
8077	3.250395	5.93	615
9350	1.878978	5.93	197
101173	1.57896	5.93	53
36643	2.543405	5.93	340
10393	1.639891	5.93	72
9772	2.055582	5.93	324
34480	1.467602	5.93	100
2332	1.73411	5.93	150
8960	3.164984	5.93	1252
11353	1.33885	5.93	70
9728	1.609094	5.93	63
846	2.157286	5.93	161
11247	2.059923	5.93	206
10140	2.877083	5.93	650
10184	2.226785	5.93	373
10547	1.614897	5.93	54
28211	1.44495	5.92	186
9373	1.889033	5.92	231
5125	1.604752	5.92	71
244458	2.115071	5.92	213
11081	1.625613	5.92	109
145135	1.992962	5.92	301
2770	3.704367	5.92	517
228968	1.694346	5.92	80
9298	1.88665	5.92	104
397	1.37601	5.92	55
70577	1.46812	5.92	55
8978	1.942706	5.92	110
218836	2.233012	5.92	165
11452	2.397099	5.92	604
97370	2.482153	5.92	456
74998	1.609612	5.92	132
1497	1.934569	5.92	101
10131	1.812948	5.92	83
44982	1.782186	5.92	100
6038	1.793747	5.91	250
10068	1.906865	5.91	52
12994	1.288405	5.91	52
7220	2.252629	5.91	254
9315	1.698906	5.91	286
9945	1.85229	5.91	80
14636	1.671217	5.91	74
23488	1.462544	5.91	152
34851	2.85012	5.91	463
319340	1.26268	5.91	50
6282	1.877542	5.91	226
105864	11.545966	5.91	154
293970	2.705355	5.91	93
137094	2.727375	5.91	687
13680	1.895429	5.9	152
10185	1.902309	5.9	83
72710	2.599571	5.9	1121
1688	1.500291	5.9	67
7859	1.48018	5.9	72
11529	1.749429	5.9	143
319341	1.54503	5.9	112
9618	1.970733	5.9	162
699	2.296971	5.9	186
227300	1.443731	5.9	120
3981	1.86826	5.9	379
8871	3.911009	5.9	423
636	1.770306	5.9	73
97051	1.197071	5.9	107
9988	1.392174	5.9	58
188161	3.028915	5.9	816
19901	1.741847	5.89	278
11968	1.800353	5.89	188
3563	1.899628	5.89	248
4967	1.309067	5.89	51
2082	1.598678	5.89	153
4105	2.182684	5.89	74
325848	1.275862	5.89	74
11323	1.741709	5.89	119
11069	1.671023	5.89	68
2619	1.760605	5.89	86
2309	1.8797	5.89	190
27578	3.982726	5.89	1658
2057	1.599031	5.89	72
3638	1.411061	5.89	126
22804	1.533861	5.89	241
10096	2.192307	5.89	397
10589	1.709976	5.89	98
18360	3.229378	5.89	717
10982	1.955495	5.88	182
289727	1.670741	5.88	60
9035	1.393476	5.88	85
166271	1.381222	5.88	76
228165	2.742987	5.88	390
59962	2.098988	5.88	760
1613	1.732471	5.88	50
31203	1.714623	5.88	79
9932	1.901336	5.88	137
8984	1.894881	5.88	74
7553	1.675597	5.88	78
157353	2.366163	5.88	1176
13161	1.61928	5.88	61
9339	2.978735	5.88	892
282984	1.437017	5.87	87
13335	1.806032	5.87	249
6795	2.309137	5.87	233
60672	1.347984	5.87	63
1273	1.904701	5.87	149
9354	1.779539	5.87	239
252512	2.230973	5.87	140
11560	1.237187	5.87	54
9437	2.072734	5.87	111
37834	3.107029	5.87	769
75	1.72918	5.87	392
608	2.422075	5.87	1262
8007	1.681242	5.87	190
708	1.942984	5.87	163
22824	1.747973	5.86	176
10225	1.531178	5.86	55
314405	1.920503	5.86	62
9293	1.769595	5.86	124
8078	2.974768	5.86	517
64686	3.026498	5.86	702
49022	1.552208	5.86	109
6951	1.242861	5.86	104
49010	1.232126	5.86	71
68684	1.278378	5.86	50
41479	1.416763	5.86	71
253	2.440039	5.86	202
13455	1.71423	5.86	258
14024	1.45573	5.86	74
49013	3.663328	5.86	1010
17134	1.68935	5.86	95
76493	2.346065	5.86	889
10483	2.070249	5.86	577
28355	2.094067	5.85	172
342878	2.26687	5.85	55
15512	2.435082	5.85	607
1844	2.170915	5.85	240
298312	6.390568	5.85	198
13387	2.646123	5.85	527
55779	1.921093	5.85	328
12508	1.496644	5.85	74
18736	1.515855	5.85	77
73499	2.044779	5.85	90
49040	3.049317	5.85	1744
80271	2.100416	5.85	256
168055	1.472025	5.85	59
9408	2.197066	5.85	245
69668	1.687597	5.85	150
192134	1.684776	5.85	104
9902	2.27479	5.85	255
9822	1.315047	5.84	74
244761	3.230213	5.84	119
139567	2.134636	5.84	109
174323	1.000213	5.84	51
10330	1.961427	5.84	274
222899	1.481174	5.84	105
4247	2.232088	5.84	440
11931	1.750787	5.84	167
11478	1.280822	5.84	63
12569	1.373738	5.84	69
8987	1.171592	5.84	69
35056	2.491359	5.84	599
9358	1.993925	5.84	351
10632	1.420786	5.84	59
11232	1.914112	5.84	167
23629	2.320144	5.84	694
74	2.64663	5.84	828
15092	2.116576	5.84	403
10957	2.239643	5.84	61
39210	1.303326	5.84	79
9029	2.370538	5.83	351
810	2.988141	5.83	863
11676	1.47012	5.83	62
4970	1.943269	5.83	232
928	1.882711	5.83	173
1685	1.715561	5.83	96
18126	1.431262	5.83	136
41439	2.049213	5.83	256
250349	1.243382	5.83	83
242022	1.451348	5.82	111
158015	2.138008	5.82	1017
277685	2.533432	5.82	363
1656	2.081777	5.82	397
2026	1.837446	5.82	186
137321	2.338125	5.82	217
11804	1.373741	5.82	76
5516	1.585073	5.82	132
2019	1.672498	5.82	73
23082	1.536906	5.82	193
1852	1.360798	5.82	148
9506	2.035133	5.82	342
85435	1.169289	5.82	50
82650	1.421168	5.82	105
292040	2.360087	5.82	58
9598	2.563601	5.82	240
8839	1.625146	5.82	342
190955	1.929847	5.82	91
27022	2.159082	5.82	589
45772	2.176873	5.82	238
9792	1.828293	5.82	219
9538	1.604315	5.81	59
4244	1.50274	5.81	96
13595	1.193262	5.81	72
17336	1.478353	5.81	77
11887	1.829142	5.81	249
38117	1.467793	5.81	283
41210	1.813995	5.81	258
35791	1.086682	5.81	718
6963	1.518402	5.81	94
2022	1.705192	5.81	266
10592	1.810914	5.81	85
1966	1.842605	5.81	306
261392	4.883655	5.81	298
700	2.019651	5.81	190
455	1.404219	5.81	159
14207	2.011032	5.8	56
714	2.520126	5.8	396
4477	1.355089	5.8	91
10735	1.926852	5.8	106
955	7.71624	5.8	928
214030	1.236594	5.8	118
8247	2.195683	5.8	731
103620	1.424743	5.8	150
534	5.478009	5.8	1255
1788	2.045813	5.8	201
9564	1.79673	5.8	114
7131	2.302005	5.8	634
9641	2.330742	5.8	170
60281	1.590836	5.8	64
270343	1.447621	5.8	54
245706	2.4733	5.8	179
175574	2.289578	5.79	136
209262	1.488283	5.79	63
72545	2.439312	5.79	419
11078	1.359743	5.79	99
1734	3.001253	5.79	1018
8845	1.985244	5.79	135
261023	3.249301	5.79	294
50619	2.560721	5.79	1234
2284	2.259409	5.79	122
10326	1.493058	5.79	81
10395	1.612353	5.79	64
10202	1.990108	5.79	440
48231	1.587481	5.79	175
33909	1.741083	5.79	225
10947	2.140824	5.79	288
9349	1.867144	5.79	138
4599	1.700296	5.79	63
38031	1.697995	5.79	77
59108	1.634057	5.79	424
252607	1.171437	5.78	93
48572	1.203256	5.78	102
9869	1.855739	5.78	139
664	1.825188	5.78	374
9355	2.499004	5.78	286
174675	1.6014	5.78	147
11870	1.631852	5.78	62
73861	1.627054	5.78	73
663	1.790421	5.78	300
9981	1.333079	5.78	68
9955	2.115234	5.78	217
10313	1.840873	5.78	316
13460	1.76972	5.78	114
10760	1.686592	5.78	67
242095	1.86453	5.77	304
10057	1.710227	5.77	71
72525	1.273223	5.77	51
24021	2.692309	5.77	875
11983	1.527231	5.77	62
10665	1.577569	5.77	150
152599	1.690445	5.77	88
159128	1.100703	5.77	79
58224	1.82467	5.77	294
296	4.341519	5.77	996
10740	1.450757	5.77	57
199534	1.446295	5.77	59
80038	1.802011	5.77	83
266647	13.581631	5.77	146
97020	3.274659	5.77	1171
9676	1.567615	5.77	100
50479	1.277516	5.77	50
84348	1.678532	5.77	163
74725	1.497602	5.77	52
151960	2.167643	5.77	335
9928	2.412358	5.77	519
9884	1.578133	5.76	176
14191	1.630045	5.76	127
41436	1.598719	5.76	277
68179	1.518557	5.76	194
11137	1.424247	5.76	118
33217	1.724253	5.76	130
159117	1.275827	5.76	115
19959	2.204029	5.76	459
52338	1.297734	5.76	50
8850	1.244881	5.76	52
9064	1.763601	5.76	52
8873	1.715313	5.76	91
117974	1.454559	5.76	72
134597	1.584549	5.76	109
11823	2.256803	5.76	90
273641	1.44595	5.75	53
37821	2.008078	5.75	375
10199	2.134488	5.75	118
35558	1.303431	5.75	65
10748	1.487639	5.75	65
1406	1.518321	5.75	71
11228	2.273569	5.75	113
88042	1.314519	5.75	135
707	2.353277	5.75	185
951	1.429577	5.75	196
12242	2.380041	5.75	120
48171	1.630571	5.75	217
215211	1.547401	5.75	79
9836	2.68567	5.75	604
1257	1.409662	5.75	73
9804	2.07256	5.75	380
248574	2.299561	5.75	118
15648	1.305915	5.75	59
22821	1.433065	5.75	118
1825	1.604631	5.75	114
15969	2.047808	5.75	171
254473	2.009948	5.75	361
152760	2.485198	5.74	784
45649	1.248488	5.74	96
10761	1.91876	5.74	141
169	2.192878	5.74	267
215830	1.336822	5.74	105
77883	1.412062	5.74	208
18269	1.896233	5.74	64
10028	1.675967	5.74	93
76544	1.576771	5.74	151
12245	1.18222	5.74	58
12610	1.31022	5.74	85
8856	1.918556	5.74	137
126277	1.28313	5.74	79
14442	2.34366	5.74	143
9963	2.014395	5.74	134
9962	1.516814	5.74	61
13700	2.166658	5.74	109
4234	1.928973	5.74	243
10294	2.018033	5.73	113
59968	1.23467	5.73	145
4959	1.615328	5.73	141
201086	1.369127	5.73	62
13690	1.983729	5.73	90
227973	9.665239	5.73	71
9593	2.386755	5.73	244
116613	1.480074	5.73	54
2642	1.645751	5.73	156
81796	2.067276	5.73	371
224141	3.011996	5.73	704
559	2.910136	5.73	1476
20048	1.524037	5.73	253
10207	1.510337	5.73	59
10406	1.398457	5.73	62
1588	2.42249	5.72	314
10022	2.422511	5.72	299
24122	1.437448	5.72	74
11007	1.607602	5.72	223
1970	1.805089	5.72	215
60599	1.598454	5.72	127
2119	1.871962	5.72	127
16991	1.416191	5.72	75
10307	1.841359	5.72	75
79548	1.940036	5.72	141
184315	3.293842	5.72	859
5137	1.650279	5.72	174
273477	5.953726	5.72	55
2135	1.809376	5.72	232
250546	1.870062	5.72	582
87496	1.62055	5.72	141
82505	1.833103	5.72	243
10956	1.783106	5.71	84
64635	2.897371	5.71	1581
72358	1.919604	5.71	164
4806	1.746396	5.71	155
220286	1.301198	5.71	73
7007	1.68147	5.71	66
238603	1.782814	5.71	178
9964	1.305496	5.71	50
9541	1.850256	5.71	113
9286	2.121538	5.71	356
13649	1.918307	5.71	236
9257	2.140636	5.71	360
7095	1.697887	5.71	114
8409	1.991363	5.71	102
81836	1.727124	5.71	187
65759	2.02493	5.7	149
88794	2.256658	5.7	285
169219	1.433374	5.7	59
36648	2.447176	5.7	586
179538	1.259395	5.7	69
3980	1.247702	5.7	52
4478	1.74228	5.7	92
11459	1.358748	5.7	194
14043	1.20334	5.7	50
81250	1.233182	5.7	60
5820	1.516531	5.7	65
249070	9.636084	5.7	401
203739	1.564782	5.7	264
10885	1.759703	5.7	58
14869	2.399551	5.7	1237
11355	1.314673	5.7	117
93837	1.541935	5.7	97
10661	2.123337	5.7	414
98357	2.299333	5.7	361
1690	1.664581	5.69	308
80585	1.548699	5.69	163
66129	1.523207	5.69	57
11431	1.490286	5.69	70
13477	1.44022	5.69	166
10489	1.489675	5.69	52
24056	1.56628	5.69	60
9691	1.39205	5.69	123
1969	1.334882	5.69	121
16866	1.681776	5.69	237
10204	2.437851	5.69	244
8966	3.446666	5.69	1396
9573	1.7681	5.69	54
13279	1.490535	5.68	95
167810	1.660002	5.68	71
112200	1.978005	5.68	71
11675	1.698922	5.68	82
4169	1.436174	5.68	52
10025	1.484146	5.68	156
7873	1.445479	5.68	58
9039	1.510864	5.68	50
9777	1.49579	5.68	50
22327	1.317248	5.68	129
2900	1.135686	5.68	87
5966	1.96869	5.68	281
36669	2.916971	5.68	485
5559	2.427373	5.68	521
6073	1.837753	5.68	168
13018	1.787674	5.67	75
8592	1.808239	5.67	78
306	1.995899	5.67	159
9992	1.970719	5.67	171
2791	1.105075	5.67	102
144789	1.406664	5.67	73
9030	1.624806	5.67	123
89185	1.275102	5.67	56
10555	2.019595	5.67	488
8698	2.206433	5.67	444
41215	1.755869	5.67	74
9885	1.266148	5.67	77
49730	2.205832	5.67	325
3512	1.700049	5.67	60
7451	2.716483	5.67	456
36670	2.441999	5.67	111
62838	1.677566	5.67	293
4380	1.435656	5.66	110
9604	2.225718	5.66	111
13811	2.072802	5.66	540
100042	3.396875	5.66	594
25769	1.499619	5.66	90
136418	2.25343	5.66	333
248507	1.450271	5.66	145
323020	1.370358	5.66	54
4597	1.381365	5.66	89
2043	1.877507	5.66	140
8090	1.728444	5.66	80
3489	1.595987	5.66	103
3604	1.255175	5.66	58
1247	1.501481	5.66	116
7459	1.958076	5.66	129
13944	1.447223	5.65	71
133694	1.499988	5.65	127
82	1.648548	5.65	199
8688	1.556672	5.65	90
147441	5.583384	5.65	1000
9493	2.404079	5.65	182
287903	4.47697	5.65	61
6068	1.797543	5.65	95
9620	2.329043	5.65	242
13252	1.499276	5.65	58
44363	1.49465	5.65	134
76640	3.013915	5.65	819
18501	2.159914	5.64	335
10781	1.950966	5.64	121
1691	1.560168	5.64	135
107811	1.824316	5.64	495
1649	1.484307	5.64	104
157834	1.767273	5.64	153
23742	1.595408	5.64	237
13499	1.570179	5.64	77
134411	2.137469	5.64	819
6279	1.443649	5.64	100
9566	1.501585	5.64	61
13056	1.71666	5.64	102
253626	1.793587	5.64	73
102362	1.741241	5.64	414
10033	1.516818	5.64	154
11595	1.333997	5.64	55
240916	1.500847	5.64	121
2662	1.366974	5.63	89
1642	1.7467	5.63	153
9353	1.864537	5.63	132
10115	1.696183	5.63	54
10014	1.889213	5.63	116
94363	1.183854	5.63	66
13205	1.620306	5.63	66
44040	1.690609	5.63	296
13207	1.74504	5.63	166
146375	1.428323	5.63	91
11699	1.781715	5.63	112
9072	1.445247	5.63	84
217	2.907294	5.62	1115
127867	1.514628	5.62	73
216282	2.638705	5.62	435
331	1.200209	5.62	1041
119283	1.841607	5.62	1064
10708	1.558352	5.62	156
15159	1.727233	5.62	110
60304	2.925587	5.62	2242
6623	1.74477	5.62	77
13654	1.929072	5.62	56
1634	2.065991	5.62	126
64689	1.808725	5.61	374
146223	1.812393	5.61	87
266396	2.262588	5.61	184
6466	1.723727	5.61	228
11130	2.151356	5.61	229
37958	2.086246	5.61	458
76494	1.808691	5.61	252
1370	2.002226	5.61	248
9946	1.793329	5.61	157
18823	3.643592	5.61	1203
115348	1.75572	5.61	185
277547	2.128111	5.61	91
209249	1.469353	5.61	73
12118	1.548951	5.61	73
72207	1.533875	5.61	252
190469	1.84775	5.61	69
10823	1.467197	5.61	65
114478	2.352647	5.61	65
45658	1.360804	5.61	75
87567	1.627792	5.61	193
38541	1.337395	5.61	66
1901	1.462624	5.61	71
109431	1.832907	5.6	1181
184345	1.500761	5.6	177
32985	1.661493	5.6	164
4256	2.069435	5.6	285
273248	9.491895	5.6	59
8277	1.84664	5.6	168
9285	2.023503	5.6	208
133698	1.436286	5.6	85
187596	2.05838	5.6	296
10679	2.324579	5.6	261
9445	1.334358	5.6	56
23759	1.636251	5.6	148
38167	1.879863	5.6	245
71679	1.313394	5.6	996
152792	1.757216	5.6	87
26736	1.271946	5.6	103
2268	2.672067	5.6	497
62213	2.369838	5.6	999
48340	1.700623	5.59	127
253344	1.875379	5.59	53
87428	1.56342	5.59	212
2122	1.701936	5.59	112
77931	2.6941	5.59	385
13655	1.89145	5.59	113
68728	3.711858	5.59	2549
9600	2.066541	5.59	170
9396	2.23191	5.59	99
8843	2.080761	5.59	143
7303	1.842109	5.59	165
284536	2.112239	5.59	293
14161	3.50743	5.59	2964
45650	1.30423	5.59	75
7364	1.54236	5.59	162
256961	2.78095	5.59	249
262543	4.622834	5.59	304
8689	1.582146	5.58	72
58547	1.364042	5.58	60
9038	1.544126	5.58	121
58595	2.635367	5.58	1639
49950	1.368402	5.58	80
59861	1.682922	5.58	144
206296	1.356109	5.58	63
86597	1.784023	5.58	133
18239	2.726688	5.58	909
12139	1.757219	5.58	70
57431	1.510936	5.58	162
9292	2.192461	5.58	117
245906	2.814753	5.58	66
13394	1.804258	5.58	73
52077	1.337212	5.58	80
70006	1.344417	5.57	54
52067	1.274045	5.57	54
256731	1.716361	5.57	55
3132	1.246398	5.57	70
109491	1.639652	5.57	448
42949	2.1085	5.57	87
10495	1.507029	5.57	87
10521	1.64612	5.57	298
4614	1.961951	5.57	173
268920	2.494723	5.57	266
25643	1.414062	5.56	78
52451	2.196609	5.56	437
10796	1.962062	5.56	176
115283	1.32654	5.56	56
238215	2.567883	5.56	219
9906	1.692778	5.56	147
192145	1.529756	5.56	98
14128	2.521227	5.56	74
152790	1.466558	5.56	83
323674	1.15283	5.56	50
11565	1.496002	5.56	130
167032	1.762577	5.56	170
10030	2.033315	5.56	190
10053	1.51706	5.55	74
2539	1.593578	5.55	142
230222	2.171025	5.55	114
130267	1.450712	5.55	58
8656	1.800281	5.55	321
157823	1.528529	5.55	50
88751	2.729545	5.55	444
12819	1.820027	5.55	61
157820	1.240968	5.55	83
1995	3.049383	5.55	1012
57165	1.897702	5.55	813
9874	1.597091	5.55	140
11862	1.410738	5.55	65
11212	1.740336	5.55	76
146301	2.975847	5.54	89
195269	1.526184	5.54	56
184125	1.461082	5.54	124
12620	1.796079	5.54	192
4248	2.0357	5.54	283
9494	1.802021	5.54	159
2067	2.001636	5.54	114
10136	1.891863	5.54	92
83770	1.335716	5.54	138
10136	1.891863	5.54	92
11187	1.563546	5.54	72
86834	2.956507	5.54	1210
23437	1.62459	5.54	291
48838	1.672674	5.54	106
38322	1.586885	5.54	134
9966	1.481174	5.54	67
2636	1.662556	5.54	96
14873	1.771156	5.54	84
34806	1.541686	5.54	185
32856	1.705039	5.53	405
9279	2.731693	5.53	203
9989	1.538287	5.53	61
162903	1.686217	5.53	169
11638	1.69706	5.53	79
9384	1.324512	5.53	247
11683	1.617066	5.53	116
8452	2.18886	5.53	221
12096	1.652546	5.53	188
10137	2.117753	5.53	330
8398	1.807569	5.53	71
698	2.285085	5.53	202
11775	1.83187	5.53	117
51620	2.005803	5.53	137
272692	1.584568	5.53	59
7520	1.81769	5.52	101
8849	1.386702	5.52	88
11074	1.852446	5.52	68
10833	1.533538	5.52	91
38961	1.175219	5.52	50
114606	1.299338	5.52	50
11806	1.758388	5.52	112
9767	2.005775	5.52	235
9312	1.720292	5.52	148
57331	1.421183	5.52	60
11199	1.682184	5.51	234
77875	1.524257	5.51	117
150202	1.229437	5.51	86
3597	1.790374	5.51	222
281957	10.940231	5.51	53
11674	2.347484	5.51	215
4551	1.305095	5.51	110
14444	1.530449	5.51	55
869	2.531897	5.51	467
1534	1.808184	5.51	63
38358	1.41567	5.51	141
70435	2.184024	5.5	229
395	1.963364	5.5	505
40805	2.035898	5.5	671
44603	2.23459	5.5	190
9738	3.688707	5.5	1235
2665	1.718017	5.5	72
2928	1.327608	5.5	58
10157	1.866985	5.5	111
10402	1.478738	5.5	102
34803	1.298414	5.5	92
216015	5.256152	5.5	1161
129139	1.779629	5.5	161
81005	2.163308	5.5	1991
37861	1.384831	5.49	85
4515	1.386248	5.49	72
139038	1.429673	5.49	265
55301	2.264986	5.49	196
41513	2.454422	5.49	595
709	2.577952	5.49	249
225886	4.353285	5.49	794
102780	1.726541	5.49	128
44833	3.205766	5.49	1264
6877	1.626906	5.49	141
11469	1.670147	5.49	102
9208	2.025931	5.49	168
252680	1.240472	5.48	64
10345	2.202916	5.48	86
38778	1.746157	5.48	226
109513	1.780706	5.48	138
146238	1.762927	5.48	321
10160	1.925657	5.48	86
10153	2.156169	5.48	168
77953	2.131395	5.48	252
14175	1.922943	5.48	81
11852	1.567799	5.48	162
2310	1.981421	5.47	325
9449	1.439588	5.47	51
273169	1.88812	5.47	51
8275	2.158029	5.47	177
44943	2.626401	5.47	784
125490	1.116551	5.47	61
9530	1.871316	5.47	151
8965	2.138516	5.47	59
6477	2.483494	5.46	441
12556	2.105312	5.46	284
9268	2.299503	5.46	223
9622	1.672899	5.46	51
1375	2.449811	5.46	212
93828	1.63641	5.46	162
72331	2.422241	5.46	697
9889	2.351636	5.46	245
12090	1.941733	5.46	140
121734	2.189732	5.46	69
8780	1.363825	5.46	80
9982	3.066977	5.46	349
11467	1.824054	5.45	109
10061	1.902682	5.45	114
62206	1.738189	5.45	248
8069	1.510304	5.45	51
4327	2.513697	5.45	456
9794	1.411372	5.45	60
12572	1.431806	5.45	78
152259	1.607704	5.45	69
3603	1.583737	5.45	59
2335	1.577162	5.45	108
209189	2.168949	5.45	67
192149	2.230175	5.45	123
8457	1.399405	5.45	85
59965	1.684709	5.45	426
10538	1.357839	5.45	101
579	1.375655	5.45	101
13374	1.433778	5.44	62
27573	1.896296	5.44	380
24418	1.63946	5.44	148
16558	1.70156	5.44	86
20829	1.746423	5.44	128
203793	1.007712	5.44	50
11361	1.480559	5.44	54
13836	1.943209	5.43	206
11351	1.525448	5.43	83
157851	1.737378	5.43	173
14979	1.654515	5.43	75
13505	1.170134	5.43	54
14560	2.315822	5.43	346
89492	1.663076	5.43	584
60747	1.669845	5.43	317
1996	3.484276	5.43	789
50321	1.868392	5.43	95
168138	1.13493	5.43	61
253235	1.28656	5.43	74
11812	1.56125	5.43	100
4379	1.510397	5.42	139
27579	2.045407	5.42	218
89691	1.279184	5.42	71
76617	2.145075	5.42	238
72559	3.330791	5.42	2371
10320	1.979139	5.42	149
44244	1.587143	5.42	101
338676	1.966035	5.41	64
18162	1.519002	5.41	156
9070	1.256248	5.41	52
1979	2.632112	5.41	1206
52449	2.115068	5.41	649
2334	1.698789	5.41	119
106021	1.807149	5.41	141
144336	2.926795	5.41	315
47327	1.907753	5.41	273
46261	1.559965	5.41	122
182560	2.585755	5.41	166
10461	1.480245	5.41	55
82687	1.708677	5.41	165
280391	1.458026	5.41	53
39451	2.675438	5.4	508
9022	1.306099	5.4	83
17130	1.222054	5.4	56
9619	1.821953	5.4	147
70578	2.184949	5.4	124
9907	1.731136	5.39	79
37786	1.639851	5.39	168
38317	2.090287	5.39	212
9381	1.868902	5.39	320
284537	1.418694	5.39	54
1977	1.368325	5.39	54
210860	5.02537	5.39	438
23514	1.51048	5.39	165
230179	2.824907	5.39	142
1537	1.528213	5.39	106
4961	1.602997	5.39	61
40205	1.206849	5.39	100
62764	1.999732	5.38	487
50671	1.475089	5.38	51
49849	2.438006	5.38	942
9796	1.206077	5.38	59
6519	1.60117	5.38	124
12138	1.515878	5.38	60
278236	1.885701	5.38	64
150117	1.664911	5.37	175
334074	3.474599	5.37	178
19912	1.689017	5.37	324
13051	1.738274	5.37	259
82696	1.348749	5.37	139
9890	1.798305	5.37	108
438	1.614146	5.37	73
112454	1.36526	5.37	91
193687	1.737253	5.37	87
193612	1.219681	5.37	97
144340	1.61446	5.37	182
60803	1.233136	5.37	52
82390	1.453804	5.37	100
12123	1.713411	5.36	103
9754	1.953705	5.36	103
9271	1.870051	5.36	55
227783	2.209494	5.36	164
806	1.474389	5.36	102
265208	4.8023	5.36	342
94380	1.338501	5.36	65
41505	1.931775	5.36	79
8274	1.982294	5.36	197
9957	1.201587	5.36	82
325844	1.625964	5.36	71
11517	1.414046	5.36	78
2749	1.580632	5.36	53
19918	1.834485	5.36	102
1727	1.607616	5.36	63
14248	1.870099	5.35	62
11472	1.464382	5.35	55
10314	1.806824	5.35	147
2018	2.10717	5.35	157
17350	1.125184	5.35	68
11260	1.669928	5.35	128
211067	1.211412	5.35	50
296100	2.210133	5.35	60
1975	1.412613	5.35	100
9894	1.910942	5.35	186
10723	1.641211	5.35	53
13043	1.206742	5.35	53
23172	1.401627	5.35	152
205775	9.358682	5.35	115
60309	1.376765	5.35	52
2114	1.900514	5.35	172
11284	1.519153	5.35	94
10163	1.498324	5.35	55
50359	1.82248	5.34	164
283445	5.614631	5.34	135
23398	2.242865	5.34	248
262338	1.970473	5.34	89
74461	1.126597	5.34	66
4442	2.311444	5.34	285
49012	1.455375	5.34	121
237756	1.875771	5.34	62
4858	1.651892	5.34	98
1636	1.990977	5.34	205
1819	1.579612	5.34	158
164251	1.930086	5.33	106
9383	1.652416	5.33	199
11618	1.504937	5.33	99
97614	1.523287	5.33	101
10488	1.862746	5.33	118
10878	1.186319	5.33	56
2313	1.55382	5.33	79
13260	1.470155	5.33	90
437	1.553746	5.33	119
4257	1.659273	5.33	229
10715	1.532262	5.33	84
9327	1.669947	5.33	188
156717	1.775869	5.33	123
49524	2.353048	5.32	682
5375	2.492473	5.32	68
7978	2.223595	5.32	201
12589	1.284698	5.32	79
11932	1.722957	5.32	110
38321	2.103095	5.32	316
76757	6.403876	5.32	1342
10610	1.705638	5.32	92
256474	1.351346	5.32	58
9091	1.561042	5.32	55
19899	1.967876	5.31	257
286873	1.886439	5.31	64
118957	1.338788	5.31	56
9877	1.354678	5.31	77
37707	2.025612	5.31	200
10762	1.914564	5.31	71
51481	1.265093	5.31	73
13596	1.664479	5.31	80
8869	1.256103	5.31	85
123109	1.340504	5.3	66
48988	1.776598	5.3	306
19904	1.413157	5.3	50
1683	1.414926	5.3	70
9471	2.467861	5.3	377
39285	1.451611	5.3	57
9886	1.57852	5.3	118
44564	1.789116	5.29	156
9397	2.045718	5.29	255
283227	1.7485	5.29	58
254191	1.492843	5.29	94
185341	1.703208	5.29	113
23023	2.037458	5.29	173
3050	1.905641	5.29	203
8914	1.955239	5.29	214
14435	1.677388	5.29	95
26123	1.606186	5.29	161
9757	1.729138	5.29	135
9042	1.531226	5.28	79
242076	1.977143	5.28	60
82679	1.501984	5.28	60
11866	1.410454	5.28	92
1452	2.572955	5.28	595
2320	1.562701	5.28	89
80035	1.964863	5.28	451
157375	1.310062	5.28	66
242310	1.780131	5.28	161
57157	1.781994	5.28	136
8202	1.506966	5.28	291
10054	1.929463	5.28	272
9626	1.827096	5.27	71
9021	2.263005	5.27	112
180296	1.206911	5.27	92
9482	1.9444	5.27	226
85038	1.147615	5.27	56
9824	1.521669	5.27	77
64586	1.490173	5.27	66
9745	1.646281	5.26	95
123105	1.372249	5.26	94
227348	1.667964	5.26	198
10066	1.850809	5.26	210
13186	2.231363	5.26	83
82990	1.731302	5.26	236
9037	1.215322	5.26	60
11397	2.151312	5.26	132
18911	1.080301	5.26	217
20856	1.385771	5.26	98
43935	1.387904	5.25	53
19794	1.342297	5.25	57
10206	1.353414	5.25	59
15189	1.735932	5.25	65
23047	2.400841	5.25	314
77663	1.478191	5.25	289
73937	1.430385	5.25	104
1441	1.803027	5.25	56
11547	1.469961	5.25	93
106747	2.105782	5.25	294
219318	1.628425	5.25	71
169020	1.216669	5.25	53
84174	1.557993	5.24	190
54054	1.623504	5.24	183
11966	1.447005	5.24	62
22949	1.599626	5.24	89
172	2.107374	5.24	152
2800	1.638158	5.24	98
11979	1.293824	5.24	73
9348	2.234741	5.24	140
13121	1.439111	5.24	61
9513	1.965333	5.24	162
9697	1.730899	5.24	118
12193	2.475228	5.24	129
77987	2.11466	5.24	423
2698	1.705121	5.24	432
9296	1.419702	5.24	85
10069	1.481368	5.24	51
8870	1.546506	5.23	86
241251	3.519892	5.23	223
9678	1.777386	5.23	154
94348	1.971188	5.23	195
178809	1.888484	5.23	239
299245	2.290636	5.23	134
2959	1.67263	5.23	80
5851	1.375582	5.22	92
9378	2.125602	5.22	146
10186	1.667727	5.22	54
77234	1.543848	5.22	115
43593	1.594946	5.22	220
22825	1.785899	5.22	198
14113	1.561691	5.22	53
26505	1.95676	5.21	98
10040	2.189024	5.21	154
11637	1.279207	5.21	77
2752	1.738611	5.21	107
13401	1.44528	5.21	60
11918	1.487469	5.21	102
271185	1.330207	5.21	56
96936	2.263578	5.2	469
503	1.540374	5.2	199
124459	1.650368	5.2	526
7183	1.576607	5.2	74
299551	1.419795	5.2	67
9714	3.527437	5.2	198
11375	1.480605	5.2	53
2155	1.694737	5.2	61
50647	1.809175	5.2	181
10987	1.321412	5.2	51
68737	4.930997	5.19	463
13812	1.52882	5.19	111
7840	3.069575	5.19	411
414	2.525624	5.19	598
10996	1.904232	5.19	202
5549	1.923796	5.19	166
9954	1.574428	5.19	109
9825	1.493254	5.19	72
11099	1.331632	5.19	56
8427	1.486915	5.19	80
9637	2.286367	5.19	222
9334	2.275259	5.19	272
47964	3.149307	5.18	2746
97430	1.968256	5.18	192
37430	1.911266	5.18	289
13476	1.36291	5.18	51
41515	1.723879	5.18	103
8920	2.188552	5.18	254
36419	1.436802	5.17	92
479	1.820687	5.17	121
111440	1.217897	5.17	70
61012	1.888887	5.17	193
1250	2.423209	5.17	686
13184	1.523041	5.17	184
10771	1.770717	5.16	149
14405	2.142391	5.16	70
100241	2.012871	5.16	377
70074	1.978655	5.16	304
1927	2.462772	5.16	568
301728	1.970694	5.16	56
8487	1.716891	5.16	424
9488	1.52115	5.16	151
2176	1.446959	5.16	73
76649	1.995336	5.15	620
8859	1.90514	5.15	188
83	1.356684	5.15	53
11011	1.678549	5.15	93
8676	2.31955	5.15	194
9904	2.233239	5.15	95
203834	1.630655	5.14	122
86467	1.203672	5.14	55
44912	2.847172	5.13	1263
8831	1.53325	5.13	106
9341	1.972944	5.13	176
13673	2.954854	5.13	62
169209	1.675222	5.13	122
26688	1.413218	5.13	60
19585	1.969426	5.12	227
22787	1.648998	5.12	75
77951	1.668204	5.12	71
19994	1.896123	5.12	288
38319	1.670974	5.12	211
10588	1.5401	5.11	105
11888	1.663382	5.11	62
118289	1.460933	5.11	93
11451	1.954713	5.11	170
1705	1.434648	5.11	63
10678	1.432125	5.11	59
14008	1.150667	5.11	50
9920	1.64292	5.1	181
10327	1.699043	5.1	148
80015	1.092717	5.1	58
8836	2.149733	5.1	161
274854	2.552541	5.1	164
9009	1.920961	5.1	71
18480	1.298949	5.1	177
1735	2.607215	5.09	581
70868	1.695462	5.09	64
10603	1.538005	5.09	161
151368	1.671773	5.09	103
9356	1.575591	5.09	93
10658	1.702999	5.09	66
190847	1.547203	5.09	131
1499	1.592041	5.09	63
10032	1.75615	5.09	104
6933	1.416665	5.08	68
10200	2.189043	5.08	428
6171	1.765921	5.08	175
82700	2.596705	5.08	1376
71672	2.513949	5.08	71
134366	1.471192	5.08	78
11152	1.813068	5.08	65
347969	11.384919	5.07	67
9574	1.771603	5.07	256
127493	2.099331	5.07	183
37169	1.510747	5.07	168
8617	1.167182	5.07	56
200462	1.34319	5.07	65
95516	1.457079	5.07	58
24150	1.473042	5.07	80
246320	1.145452	5.07	51
182219	1.023095	5.07	112
254474	1.445561	5.06	75
13767	2.239909	5.06	89
65055	1.310248	5.06	54
10145	1.702959	5.05	113
9645	1.631164	5.05	170
97434	1.50295	5.05	104
13761	1.761874	5.05	88
8975	1.608452	5.05	70
9304	1.340358	5.05	50
9594	1.897584	5.05	71
310133	1.699075	5.04	90
11252	1.491993	5.04	57
42194	1.710603	5.04	82
242512	2.756275	5.04	357
222936	2.668499	5.04	200
277355	1.676186	5.04	120
226486	1.577152	5.04	271
326	1.426562	5.04	156
70586	1.467671	5.03	75
9793	1.584475	5.03	101
43931	1.256017	5.03	52
11817	1.730461	5.03	107
243688	4.033507	5.02	369
11237	1.738562	5.02	62
76489	1.44674	5.02	66
9947	1.957	5.02	232
10710	1.161618	5.02	55
9750	1.335606	5.02	64
8814	2.180558	5.02	229
11024	1.818386	5.01	143
10587	1.541833	5.01	81
24438	1.718812	5.01	124
22894	1.963384	5.01	287
99770	2.184677	5.01	116
167073	3.557508	5.01	62
38745	2.338158	5.01	254
243938	1.857151	5	159
4474	1.444959	5	156
10048	1.424582	4.99	149
19824	1.3866	4.99	74
259018	1.346982	4.99	66
109099	1.763466	4.99	59
204349	1.111722	4.99	53
440	2.31786	4.99	299
9480	2.233773	4.99	593
11649	1.549815	4.99	70
11045	1.825533	4.98	90
58428	1.323829	4.97	77
929	2.08314	4.97	393
10336	1.549536	4.97	121
63207	1.210327	4.97	60
201088	4.685128	4.97	386
37931	1.312349	4.97	74
243940	1.949771	4.97	216
9562	1.321433	4.96	113
208277	1.214292	4.96	53
11453	1.805176	4.96	77
287424	2.578671	4.95	263
1792	1.66858	4.95	70
180948	1.859246	4.95	147
9053	1.672841	4.95	78
10802	1.77584	4.95	68
10756	1.930283	4.95	160
11679	2.528575	4.95	194
277558	1.280839	4.94	64
9703	1.559343	4.93	68
263472	4.679338	4.93	181
287948	5.641932	4.93	183
287590	1.338078	4.93	82
288158	1.742506	4.93	177
122081	1.677716	4.93	726
9447	1.295073	4.92	110
42888	1.352092	4.92	95
10197	1.851008	4.92	59
246403	1.656661	4.92	153
16258	1.521424	4.91	64
10481	1.905486	4.91	76
42941	1.361047	4.91	54
89899	1.207241	4.91	74
75736	1.515431	4.9	56
289153	1.45633	4.9	55
244566	1.405973	4.9	100
276839	1.732554	4.9	90
50357	1.606568	4.9	150
6439	1.278866	4.9	53
8645	1.753579	4.89	342
11597	1.268022	4.89	56
146227	1.964479	4.89	126
28665	1.129663	4.88	60
9722	1.507236	4.88	153
234212	1.549393	4.88	61
888	1.415117	4.88	153
19840	1.557048	4.87	68
11825	1.318616	4.86	51
11132	1.38791	4.86	82
74997	1.610683	4.85	103
304372	3.074823	4.85	53
89008	1.251622	4.85	52
102207	1.606679	4.85	71
239573	1.547992	4.84	149
269173	1.338274	4.84	77
10923	1.877199	4.83	109
4723	1.798804	4.83	54
6589	1.623005	4.83	54
10477	1.488267	4.83	60
23706	1.799563	4.83	131
12279	1.762806	4.83	166
77948	1.968193	4.82	150
109091	1.848901	4.82	371
56288	1.573574	4.82	74
10808	1.707912	4.81	135
293646	2.67576	4.81	105
13788	1.537398	4.81	118
122857	1.372844	4.81	59
248504	1.286754	4.81	73
80280	1.771059	4.8	130
78383	2.164128	4.8	58
2486	1.871566	4.79	352
295830	1.672867	4.79	89
3600	1.271887	4.79	125
171424	2.410737	4.79	72
9612	1.452103	4.78	78
57089	1.83507	4.78	55
10992	1.809699	4.77	107
258509	3.764311	4.76	52
157544	1.958126	4.76	62
44113	1.844949	4.76	62
2157	1.865971	4.75	130
10357	1.550685	4.75	107
49014	1.382402	4.75	125
11249	1.535664	4.75	92
206821	1.547418	4.75	58
93856	1.664063	4.75	215
10196	3.363723	4.74	539
71670	1.577349	4.74	86
241254	2.314807	4.74	129
79316	1.29323	4.74	125
209244	1.929945	4.74	54
9360	2.103095	4.73	224
3093	1.964342	4.73	62
205724	1.524798	4.72	68
35169	1.369044	4.72	59
82657	1.417728	4.72	91
241843	1.669794	4.71	64
10172	1.775121	4.71	50
9320	1.603201	4.71	85
71676	2.996437	4.7	558
35026	1.122262	4.7	57
12107	1.946992	4.7	98
244688	1.134749	4.7	79
265016	1.358989	4.69	83
23823	2.030792	4.69	73
282813	1.816146	4.68	149
292431	2.270306	4.68	114
71469	2.122962	4.68	241
8285	1.924792	4.67	132
9876	1.616398	4.67	74
10016	1.574317	4.65	92
9531	2.031561	4.65	165
11158	1.700493	4.65	88
11090	1.567725	4.63	94
159092	1.289047	4.63	51
42684	1.992366	4.63	216
10366	1.585465	4.62	58
11692	1.528556	4.62	50
133469	1.070788	4.62	75
76487	1.742458	4.62	113
4258	1.916653	4.62	422
11982	1.395388	4.62	60
17610	1.706452	4.61	215
8968	1.459757	4.61	66
8010	1.889811	4.59	58
14620	1.643841	4.59	99
11442	1.430701	4.59	64
2395	1.968055	4.59	128
57876	1.30832	4.58	55
9978	1.831254	4.58	75
43552	1.409363	4.57	61
9879	1.977718	4.56	72
10283	1.246378	4.54	53
192538	1.187831	4.53	68
166424	14.743372	4.53	867
12177	1.631145	4.52	103
248390	1.110214	4.52	69
125509	1.781818	4.52	75
289720	2.575721	4.52	63
87436	1.10463	4.5	72
79694	1.28554	4.5	58
146203	1.371487	4.5	124
20533	1.878322	4.48	181
10329	1.500698	4.48	66
87818	2.366183	4.48	417
284674	1.933146	4.47	74
6280	1.434717	4.45	130
10628	1.650661	4.45	69
40264	1.455667	4.44	111
314	2.493408	4.44	269
415	2.297515	4.44	535
104755	1.450207	4.43	79
259072	1.457505	4.42	50
13486	1.786336	4.4	50
71668	1.866372	4.4	130
332	1.476051	4.4	101
14199	1.665952	4.38	76
119278	1.399859	4.37	51
188207	1.744764	4.37	333
11231	1.363	4.36	50
10676	1.246251	4.33	51
297596	1.826788	4.32	56
267806	1.450499	4.31	76
11127	2.252392	4.3	53
1639	1.767497	4.3	157
11470	1.624743	4.28	81
71880	1.829248	4.26	263
225703	1.023279	4.26	115
160070	1.330961	4.25	53
17692	1.641659	4.22	76
10152	2.180284	4.22	81
9708	1.695968	4.21	108
15268	1.5129	4.2	54
280002	1.45843	4.2	52
250066	1.856939	4.2	83
11531	1.325601	4.19	52
791	1.334383	4.19	53
5550	1.863012	4.18	121
46429	1.26988	4.16	94
2830	1.349575	4.15	63
12536	2.768376	4.14	66
11667	1.426113	4.13	120
11411	1.729313	4.12	99
7278	2.128455	4.12	128
2312	1.51702	4.11	95
307663	4.073894	4.1	124
9607	1.542745	3.97	73
10073	1.829593	3.96	57
9823	1.551031	3.94	72
205321	1.577342	3.89	228
218043	2.661409	3.83	169
11849	1.389322	3.8	55
10214	1.65009	3.75	91
10304	2.290771	3.75	68
10285	1.488575	3.7	58
580	1.618928	3.66	60
12142	1.283851	3.54	55
9760	2.047276	3.5	110
13805	1.554972	3.5	85
14164	1.342419	3.16	182
5491	1.317578	3.08	79
